Container_ID,Commodity,Origin,Destination,Temperature_C,Humidity_Percent,Vibration_g,Latitude,Longitude,Timestamp,Sensor_Status,Battery_Level,Transport_Mode
C1001,Avocado,Mumbai,Delhi,2.3,72,0.44,10.860528,73.69117,01-08-2026 08:00,Active,87,Rail
C1002,Avocado,Mumbai,Ahmedabad,2.4,68,0.43,20.341384,81.260544,01-08-2026 08:01,Active,85,Truck
C1003,Banana,Bengaluru,Jaipur,9.7,55,1.16,11.273016,78.973138,01-08-2026 08:02,Active,57,Rail
C1004,Avocado,Pune,Lucknow,3.2,61,0.6,15.051092,76.364594,01-08-2026 08:03,Low Battery,42,Truck
C1005,Banana,Bengaluru,Delhi,3,73,1.26,20.679655,86.218164,01-08-2026 08:04,Active,76,Truck
C1006,Mango,Hyderabad,Jaipur,12,60,1.3,25.762915,78.272083,01-08-2026 08:05,Active,69,Rail
C1007,Apple,Bengaluru,Lucknow,4.7,72,1.08,22.012727,73.178141,01-08-2026 08:06,Active,80,Truck
C1008,Mango,Hyderabad,Delhi,8,72,1.49,21.119995,81.189671,01-08-2026 08:07,Active,83,Truck
C1009,Avocado,Hyderabad,Jaipur,12.5,80,0.47,12.325148,87.55801,01-08-2026 08:08,Active,96,Rail
C1010,Banana,Hyderabad,Lucknow,13.5,84,0.3,10.862422,84.292318,01-08-2026 08:09,Active,74,Rail
C1011,Orange,Chennai,Delhi,7.2,69,1.5,10.835801,80.143011,01-08-2026 08:10,Active,88,Truck
C1012,Mango,Mumbai,Kolkata,12.3,82,0.93,15.88773,81.832159,01-08-2026 08:11,Active,69,Truck
C1013,Avocado,Pune,Jaipur,10.9,89,1.15,23.756274,77.612895,01-08-2026 08:12,Active,58,Rail
C1014,Avocado,Hyderabad,Lucknow,14.4,71,1.46,23.620225,80.376748,01-08-2026 08:13,Low Battery,46,Truck
C1015,Mango,Mumbai,Kolkata,6.9,65,0.86,23.961843,80.750836,01-08-2026 08:14,Low Battery,40,Rail
C1016,Avocado,Bengaluru,Lucknow,3.5,78,1.33,25.049143,77.073983,01-08-2026 08:15,Low Battery,43,Truck
C1017,Avocado,Pune,Lucknow,11.5,59,1.47,18.920476,74.075048,01-08-2026 08:16,Active,82,Truck
C1018,Apple,Bengaluru,Kolkata,8.9,93,0.69,12.341863,80.898385,01-08-2026 08:17,Active,86,Rail
C1019,Apple,Mumbai,Lucknow,7.7,88,0.73,13.082065,73.056427,01-08-2026 08:18,Low Battery,41,Truck
C1020,Orange,Hyderabad,Delhi,4.9,59,1.09,9.206912,73.112105,01-08-2026 08:19,Low Battery,42,Truck
C1021,Apple,Pune,Jaipur,10.7,68,0.85,22.828728,86.559321,01-08-2026 08:20,Active,76,Rail
C1022,Banana,Chennai,Delhi,4.5,61,1.02,15.2631,78.783188,01-08-2026 08:21,Active,95,Truck
C1023,Banana,Bengaluru,Kolkata,11.5,61,0.45,11.899283,79.402124,01-08-2026 08:22,Active,67,Rail
C1024,Mango,Mumbai,Delhi,13.4,59,0.72,25.657657,81.080368,01-08-2026 08:23,Low Battery,43,Truck
C1025,Mango,Pune,Delhi,4.2,86,0.77,25.725333,86.890307,01-08-2026 08:24,Low Battery,50,Rail
C1026,Apple,Mumbai,Ahmedabad,14,84,0.5,22.280126,84.053338,01-08-2026 08:25,Active,90,Truck
C1027,Mango,Chennai,Lucknow,5.9,58,0.91,19.115002,84.341597,01-08-2026 08:26,Low Battery,43,Rail
C1028,Orange,Chennai,Lucknow,14,88,0.32,27.695968,73.321839,01-08-2026 08:27,Active,51,Truck
C1029,Mango,Mumbai,Lucknow,7.2,91,0.44,20.187643,82.219795,01-08-2026 08:28,Active,66,Rail
C1030,Apple,Pune,Kolkata,4.7,75,0.43,16.11361,83.082889,01-08-2026 08:29,Active,59,Truck
C1031,Avocado,Bengaluru,Kolkata,8,91,1.49,9.501845,75.517046,01-08-2026 08:30,Active,56,Truck
C1032,Mango,Mumbai,Delhi,6.8,65,0.71,19.135968,76.991533,01-08-2026 08:31,Active,91,Rail
C1033,Avocado,Hyderabad,Kolkata,14.2,63,0.47,26.23911,84.249875,01-08-2026 08:32,Low Battery,49,Truck
C1034,Apple,Chennai,Delhi,4.6,95,1.29,18.360886,76.143501,01-08-2026 08:33,Active,98,Rail
C1035,Apple,Pune,Lucknow,2.6,76,1.18,21.060824,76.322262,01-08-2026 08:34,Active,87,Rail
C1036,Orange,Hyderabad,Lucknow,2.1,59,1.42,22.165902,74.459396,01-08-2026 08:35,Low Battery,42,Truck
C1037,Banana,Hyderabad,Jaipur,3.7,74,0.61,27.128304,88.041238,01-08-2026 08:36,Low Battery,42,Truck
C1038,Avocado,Bengaluru,Jaipur,6.6,90,1.34,16.330736,82.240915,01-08-2026 08:37,Low Battery,49,Truck
C1039,Banana,Bengaluru,Kolkata,2.3,76,1.2,16.44012,83.053468,01-08-2026 08:38,Active,87,Truck
C1040,Avocado,Hyderabad,Kolkata,7,57,1.3,12.559891,85.473679,01-08-2026 08:39,Active,69,Truck
C1041,Mango,Hyderabad,Kolkata,2.3,67,0.66,13.711363,73.145442,01-08-2026 08:40,Active,89,Rail
C1042,Orange,Chennai,Delhi,6.3,56,0.26,27.893213,74.946369,01-08-2026 08:41,Active,56,Rail
C1043,Apple,Mumbai,Jaipur,11.5,75,0.71,28.176835,73.908155,01-08-2026 08:42,Active,97,Rail
C1044,Avocado,Bengaluru,Kolkata,11.2,55,0.83,24.533473,83.333143,01-08-2026 08:43,Active,100,Rail
C1045,Avocado,Hyderabad,Lucknow,14.3,76,0.97,21.599443,74.056318,01-08-2026 08:44,Active,97,Rail
C1046,Banana,Bengaluru,Lucknow,6.2,73,0.88,11.932722,82.971336,01-08-2026 08:45,Active,64,Rail
C1047,Banana,Hyderabad,Ahmedabad,9.1,55,0.53,12.308745,84.965021,01-08-2026 08:46,Active,78,Rail
C1048,Banana,Chennai,Kolkata,10.8,87,0.76,26.474207,85.134409,01-08-2026 08:47,Low Battery,50,Rail
C1049,Avocado,Chennai,Jaipur,12.6,70,1.04,12.605134,75.285644,01-08-2026 08:48,Low Battery,41,Rail
C1050,Orange,Pune,Ahmedabad,13,59,0.74,26.165807,81.49857,01-08-2026 08:49,Active,85,Rail
C1051,Mango,Pune,Jaipur,3.9,55,1.35,25.639032,86.610176,01-08-2026 08:50,Active,89,Truck
C1052,Orange,Pune,Lucknow,8,90,0.45,25.390895,79.53162,01-08-2026 08:51,Active,91,Rail
C1053,Banana,Pune,Ahmedabad,10,87,0.7,26.590522,79.357575,01-08-2026 08:52,Low Battery,50,Rail
C1054,Mango,Pune,Delhi,12.9,72,1.17,18.686646,82.341349,01-08-2026 08:53,Active,57,Rail
C1055,Mango,Bengaluru,Jaipur,5.5,75,1.35,9.651842,74.488706,01-08-2026 08:54,Active,64,Truck
C1056,Banana,Mumbai,Delhi,7.3,89,0.75,9.276447,85.742704,01-08-2026 08:55,Active,64,Rail
C1057,Banana,Pune,Lucknow,2.1,77,0.52,15.994726,86.712085,01-08-2026 08:56,Active,93,Truck
C1058,Banana,Pune,Jaipur,4.9,82,0.78,15.971573,83.036415,01-08-2026 08:57,Active,91,Rail
C1059,Mango,Chennai,Ahmedabad,14.7,89,0.14,16.077415,81.312468,01-08-2026 08:58,Low Battery,41,Truck
C1060,Banana,Pune,Kolkata,4.4,71,0.63,12.339036,77.392956,01-08-2026 08:59,Active,88,Rail
C1061,Apple,Bengaluru,Delhi,12.9,85,0.13,19.05809,88.498479,01-08-2026 09:00,Active,62,Truck
C1062,Avocado,Chennai,Lucknow,14.3,67,1.27,20.737381,75.935992,01-08-2026 09:01,Active,70,Truck
C1063,Banana,Bengaluru,Kolkata,11.1,78,0.33,20.448574,84.340773,01-08-2026 09:02,Low Battery,47,Truck
C1064,Orange,Bengaluru,Delhi,2.3,74,0.91,26.614536,78.192565,01-08-2026 09:03,Active,100,Truck
C1065,Avocado,Chennai,Kolkata,11.1,74,1.29,20.308438,73.997409,01-08-2026 09:04,Active,76,Rail
C1066,Apple,Hyderabad,Ahmedabad,2.9,76,0.12,16.611204,80.088328,01-08-2026 09:05,Active,67,Truck
C1067,Banana,Pune,Ahmedabad,4.3,88,1.45,13.536689,85.335287,01-08-2026 09:06,Active,74,Rail
C1068,Orange,Pune,Lucknow,5.5,70,1.26,9.776589,86.546915,01-08-2026 09:07,Active,55,Rail
C1069,Apple,Hyderabad,Lucknow,2.4,75,0.35,12.348457,85.164234,01-08-2026 09:08,Active,61,Rail
C1070,Orange,Bengaluru,Ahmedabad,2.1,67,0.22,22.761531,80.061534,01-08-2026 09:09,Active,88,Rail
C1071,Banana,Mumbai,Kolkata,12.3,60,0.51,16.290223,76.014535,01-08-2026 09:10,Active,82,Rail
C1072,Orange,Hyderabad,Kolkata,8.9,82,1.5,19.282964,77.804874,01-08-2026 09:11,Active,69,Rail
C1073,Mango,Bengaluru,Jaipur,3.6,67,0.54,23.229062,87.68948,01-08-2026 09:12,Active,84,Truck
C1074,Banana,Bengaluru,Kolkata,5.6,92,1.47,18.755056,76.669479,01-08-2026 09:13,Low Battery,46,Truck
C1075,Apple,Mumbai,Kolkata,4.3,55,1.09,10.594951,72.751009,01-08-2026 09:14,Low Battery,43,Truck
C1076,Banana,Chennai,Kolkata,3.3,55,0.9,17.622637,79.267735,01-08-2026 09:15,Active,51,Rail
C1077,Avocado,Bengaluru,Lucknow,12.7,80,0.79,19.828934,83.326442,01-08-2026 09:16,Low Battery,49,Rail
C1078,Avocado,Bengaluru,Lucknow,14.9,62,0.88,16.531567,81.836093,01-08-2026 09:17,Active,79,Rail
C1079,Banana,Chennai,Lucknow,13.8,74,1.3,28.295641,77.038774,01-08-2026 09:18,Active,79,Truck
C1080,Mango,Bengaluru,Delhi,10.1,71,1.02,11.21967,74.867924,01-08-2026 09:19,Low Battery,44,Rail
C1081,Banana,Pune,Delhi,11,85,0.51,12.745263,83.664771,01-08-2026 09:20,Active,84,Truck
C1082,Apple,Mumbai,Jaipur,12.2,95,0.93,24.480066,75.264017,01-08-2026 09:21,Low Battery,47,Truck
C1083,Apple,Mumbai,Kolkata,12.7,59,0.18,24.248886,81.818227,01-08-2026 09:22,Active,92,Rail
C1084,Avocado,Pune,Delhi,8.1,74,1.08,27.324863,80.257791,01-08-2026 09:23,Active,71,Truck
C1085,Banana,Mumbai,Lucknow,11.5,93,0.45,9.872201,87.871533,01-08-2026 09:24,Active,93,Truck
C1086,Apple,Mumbai,Ahmedabad,9.5,66,0.76,21.355945,87.115201,01-08-2026 09:25,Active,51,Rail
C1087,Avocado,Pune,Ahmedabad,8.1,81,0.57,21.737737,86.152596,01-08-2026 09:26,Active,61,Rail
C1088,Banana,Pune,Lucknow,12.6,90,0.15,9.805226,76.164581,01-08-2026 09:27,Low Battery,47,Truck
C1089,Orange,Pune,Delhi,8,58,0.36,15.416477,84.481312,01-08-2026 09:28,Active,80,Truck
C1090,Apple,Mumbai,Jaipur,9.1,73,0.71,22.314126,74.00353,01-08-2026 09:29,Active,80,Truck
C1091,Apple,Pune,Delhi,9.2,90,0.67,12.606364,85.883194,01-08-2026 09:30,Low Battery,47,Truck
C1092,Banana,Bengaluru,Ahmedabad,14.1,73,0.81,13.60521,85.772945,01-08-2026 09:31,Active,70,Truck
C1093,Banana,Pune,Kolkata,4.5,93,0.81,26.026188,86.256444,01-08-2026 09:32,Active,57,Rail
C1094,Avocado,Bengaluru,Ahmedabad,5.7,74,1.27,19.888429,82.889022,01-08-2026 09:33,Active,95,Rail
C1095,Apple,Bengaluru,Lucknow,6.3,89,0.63,27.123471,86.348428,01-08-2026 09:34,Active,84,Rail
C1096,Mango,Pune,Ahmedabad,13.1,81,0.16,23.266456,83.63626,01-08-2026 09:35,Active,91,Truck
C1097,Banana,Pune,Delhi,14.5,63,0.8,20.098699,86.350055,01-08-2026 09:36,Active,95,Rail
C1098,Avocado,Hyderabad,Kolkata,11.4,81,1.32,27.884114,73.234666,01-08-2026 09:37,Active,90,Rail
C1099,Avocado,Pune,Lucknow,13.1,89,0.63,14.491554,83.858838,01-08-2026 09:38,Active,88,Truck
C1100,Orange,Pune,Delhi,2.9,95,1.06,13.89127,75.753524,01-08-2026 09:39,Low Battery,45,Truck
C1101,Banana,Hyderabad,Kolkata,4.2,74,1.36,8.942815,85.136367,01-08-2026 09:40,Active,58,Rail
C1102,Mango,Mumbai,Ahmedabad,5.2,81,0.89,24.246649,74.80473,01-08-2026 09:41,Low Battery,45,Truck
C1103,Banana,Chennai,Ahmedabad,13.9,64,0.43,21.077045,79.582913,01-08-2026 09:42,Active,82,Rail
C1104,Orange,Hyderabad,Ahmedabad,4.1,83,1.42,28.24686,76.936045,01-08-2026 09:43,Active,67,Rail
C1105,Mango,Hyderabad,Delhi,15,85,0.25,15.817968,77.922826,01-08-2026 09:44,Active,58,Rail
C1106,Apple,Hyderabad,Jaipur,2.1,58,1.37,23.276029,85.741842,01-08-2026 09:45,Active,97,Rail
C1107,Mango,Bengaluru,Delhi,10.3,94,0.45,23.489335,84.663268,01-08-2026 09:46,Active,83,Truck
C1108,Apple,Hyderabad,Ahmedabad,12.3,57,0.91,23.013375,73.487201,01-08-2026 09:47,Active,58,Truck
C1109,Mango,Bengaluru,Kolkata,3.7,89,1.33,15.500079,80.279614,01-08-2026 09:48,Active,57,Rail
C1110,Apple,Bengaluru,Ahmedabad,11.7,76,1.23,17.600793,73.242439,01-08-2026 09:49,Active,88,Rail
C1111,Avocado,Hyderabad,Lucknow,12.3,55,0.47,10.533569,78.081663,01-08-2026 09:50,Active,87,Rail
C1112,Apple,Mumbai,Jaipur,3.4,69,0.76,20.700711,87.562291,01-08-2026 09:51,Active,60,Truck
C1113,Banana,Hyderabad,Ahmedabad,13.8,74,1.01,10.391857,72.748222,01-08-2026 09:52,Low Battery,42,Truck
C1114,Avocado,Mumbai,Ahmedabad,5.1,89,0.29,17.299697,83.063023,01-08-2026 09:53,Active,87,Truck
C1115,Banana,Hyderabad,Jaipur,10.5,86,0.96,27.250588,76.615712,01-08-2026 09:54,Active,84,Rail
C1116,Banana,Hyderabad,Delhi,14.4,78,0.24,22.056445,80.983687,01-08-2026 09:55,Active,81,Rail
C1117,Apple,Mumbai,Delhi,4.5,62,1.43,24.895917,73.512611,01-08-2026 09:56,Active,53,Truck
C1118,Apple,Bengaluru,Lucknow,5.2,63,1.2,12.206714,85.691994,01-08-2026 09:57,Active,75,Truck
C1119,Mango,Bengaluru,Lucknow,6.3,64,1.2,20.217624,76.575035,01-08-2026 09:58,Low Battery,49,Rail
C1120,Mango,Hyderabad,Delhi,3.4,56,0.28,15.343967,85.00912,01-08-2026 09:59,Active,77,Truck
C1121,Apple,Hyderabad,Lucknow,2.7,81,0.84,23.286138,79.858058,01-08-2026 10:00,Active,89,Truck
C1122,Banana,Hyderabad,Ahmedabad,8.5,94,0.16,24.056153,86.305185,01-08-2026 10:01,Active,73,Truck
C1123,Avocado,Chennai,Delhi,15,80,0.7,10.213218,83.754622,01-08-2026 10:02,Active,68,Rail
C1124,Orange,Pune,Lucknow,3.9,63,0.49,20.978073,81.047881,01-08-2026 10:03,Active,60,Rail
C1125,Banana,Mumbai,Jaipur,8.6,82,0.24,22.386478,86.07108,01-08-2026 10:04,Active,81,Rail
C1126,Banana,Hyderabad,Ahmedabad,13.5,81,0.57,17.296728,78.863829,01-08-2026 10:05,Low Battery,46,Rail
C1127,Apple,Chennai,Ahmedabad,6.9,64,1.06,17.722492,73.505209,01-08-2026 10:06,Low Battery,45,Truck
C1128,Apple,Chennai,Ahmedabad,12.6,90,0.18,27.610805,81.267776,01-08-2026 10:07,Active,82,Rail
C1129,Banana,Mumbai,Jaipur,13.3,58,1.46,20.308407,77.802162,01-08-2026 10:08,Active,76,Truck
C1130,Banana,Mumbai,Jaipur,4.9,61,0.59,19.403442,73.895608,01-08-2026 10:09,Active,57,Rail
C1131,Orange,Hyderabad,Delhi,14.7,94,0.96,21.175333,72.433188,01-08-2026 10:10,Active,99,Truck
C1132,Apple,Mumbai,Ahmedabad,11.1,74,1.39,15.19598,74.993192,01-08-2026 10:11,Low Battery,49,Truck
C1133,Mango,Hyderabad,Jaipur,11.6,56,0.23,18.874895,78.207208,01-08-2026 10:12,Active,69,Rail
C1134,Apple,Mumbai,Delhi,11.4,91,0.93,26.108515,74.567068,01-08-2026 10:13,Active,88,Truck
C1135,Apple,Mumbai,Delhi,7.8,82,0.78,17.061906,76.507253,01-08-2026 10:14,Active,88,Rail
C1136,Banana,Mumbai,Delhi,3.4,92,0.78,21.676217,72.749386,01-08-2026 10:15,Active,65,Truck
C1137,Mango,Chennai,Ahmedabad,5.9,68,1.17,23.665298,76.775878,01-08-2026 10:16,Low Battery,47,Rail
C1138,Mango,Hyderabad,Delhi,3.7,89,1.09,18.255378,85.750344,01-08-2026 10:17,Active,91,Rail
C1139,Avocado,Pune,Ahmedabad,7.7,84,1.39,25.673255,81.500026,01-08-2026 10:18,Active,76,Rail
C1140,Avocado,Hyderabad,Delhi,7.3,75,0.34,27.426093,79.591599,01-08-2026 10:19,Active,84,Rail
C1141,Avocado,Hyderabad,Jaipur,5.2,92,0.66,9.612265,86.363653,01-08-2026 10:20,Active,87,Rail
C1142,Mango,Hyderabad,Jaipur,3,95,0.26,18.454017,86.947725,01-08-2026 10:21,Active,62,Truck
C1143,Avocado,Bengaluru,Ahmedabad,3.9,67,0.34,11.133831,84.526014,01-08-2026 10:22,Low Battery,44,Rail
C1144,Orange,Hyderabad,Kolkata,11.9,83,1.05,26.081987,82.609365,01-08-2026 10:23,Active,79,Truck
C1145,Banana,Mumbai,Delhi,2.9,83,0.98,24.324758,81.758426,01-08-2026 10:24,Active,62,Rail
C1146,Banana,Chennai,Lucknow,7.9,58,0.62,13.885079,82.636997,01-08-2026 10:25,Active,94,Rail
C1147,Banana,Mumbai,Ahmedabad,9.5,57,0.73,24.601226,82.755318,01-08-2026 10:26,Active,60,Truck
C1148,Avocado,Bengaluru,Ahmedabad,7.9,76,1.48,9.728747,82.661097,01-08-2026 10:27,Low Battery,42,Rail
C1149,Orange,Hyderabad,Lucknow,8.8,65,0.61,26.817704,78.392373,01-08-2026 10:28,Active,89,Truck
C1150,Apple,Mumbai,Jaipur,2.9,61,0.88,15.924566,76.15793,01-08-2026 10:29,Active,94,Rail
C1151,Avocado,Pune,Jaipur,9.6,64,1.38,14.359751,82.824903,01-08-2026 10:30,Active,82,Truck
C1152,Apple,Mumbai,Delhi,9.3,76,1.24,21.737386,85.677823,01-08-2026 10:31,Active,87,Rail
C1153,Orange,Pune,Jaipur,6.7,78,0.53,27.498971,77.638584,01-08-2026 10:32,Active,89,Truck
C1154,Mango,Mumbai,Delhi,4,73,1.28,10.073386,84.719433,01-08-2026 10:33,Active,93,Rail
C1155,Orange,Bengaluru,Ahmedabad,3.7,79,0.32,11.707342,83.431953,01-08-2026 10:34,Active,79,Truck
C1156,Banana,Pune,Jaipur,6.7,70,1.46,20.517206,84.414454,01-08-2026 10:35,Active,90,Truck
C1157,Apple,Pune,Ahmedabad,14.6,85,1.37,11.977332,83.192063,01-08-2026 10:36,Active,76,Rail
C1158,Banana,Hyderabad,Delhi,8.5,81,1.45,24.74627,85.220777,01-08-2026 10:37,Low Battery,48,Rail
C1159,Apple,Bengaluru,Kolkata,9.2,61,1.1,18.576142,74.057183,01-08-2026 10:38,Low Battery,45,Rail
C1160,Orange,Hyderabad,Delhi,3.9,82,0.23,26.665352,85.475604,01-08-2026 10:39,Active,96,Rail
C1161,Avocado,Hyderabad,Delhi,7.2,78,0.43,28.38777,78.186059,01-08-2026 10:40,Low Battery,41,Rail
C1162,Mango,Pune,Ahmedabad,3.8,73,1.38,17.685326,85.713323,01-08-2026 10:41,Active,88,Truck
C1163,Avocado,Pune,Delhi,2.2,68,1.27,19.250487,83.999374,01-08-2026 10:42,Active,73,Rail
C1164,Mango,Chennai,Ahmedabad,5.9,58,0.43,21.098511,82.276374,01-08-2026 10:43,Low Battery,44,Truck
C1165,Orange,Pune,Jaipur,9.5,64,0.51,8.032069,77.821465,01-08-2026 10:44,Active,76,Truck
C1166,Orange,Mumbai,Delhi,14.7,59,1.43,19.15368,84.975804,01-08-2026 10:45,Active,72,Rail
C1167,Banana,Chennai,Kolkata,2.6,79,1.47,13.19983,72.267997,01-08-2026 10:46,Active,90,Truck
C1168,Avocado,Bengaluru,Ahmedabad,12,76,0.29,15.22213,77.58603,01-08-2026 10:47,Active,81,Rail
C1169,Mango,Chennai,Jaipur,12.5,59,1.1,27.343906,72.610233,01-08-2026 10:48,Active,52,Truck
C1170,Apple,Bengaluru,Kolkata,14.1,87,0.66,24.715825,79.811096,01-08-2026 10:49,Low Battery,42,Rail
C1171,Avocado,Pune,Ahmedabad,13.3,76,0.48,24.386519,79.209698,01-08-2026 10:50,Active,65,Rail
C1172,Mango,Pune,Delhi,8.5,86,0.61,24.344463,76.400891,01-08-2026 10:51,Low Battery,45,Rail
C1173,Orange,Hyderabad,Kolkata,14.9,66,0.86,14.584834,73.321137,01-08-2026 10:52,Active,82,Rail
C1174,Orange,Hyderabad,Lucknow,11.3,65,1.07,15.206713,72.69886,01-08-2026 10:53,Active,95,Rail
C1175,Apple,Bengaluru,Delhi,10.3,58,0.21,21.069007,77.994634,01-08-2026 10:54,Active,91,Truck
C1176,Orange,Hyderabad,Ahmedabad,10.8,83,0.15,9.378284,84.845504,01-08-2026 10:55,Active,63,Truck
C1177,Orange,Bengaluru,Lucknow,4,83,1.43,15.626274,84.590894,01-08-2026 10:56,Active,76,Rail
C1178,Banana,Mumbai,Ahmedabad,6.1,72,0.45,10.325697,84.138635,01-08-2026 10:57,Active,71,Truck
C1179,Apple,Bengaluru,Delhi,12.1,83,0.4,20.543482,83.450681,01-08-2026 10:58,Active,71,Truck
C1180,Avocado,Hyderabad,Delhi,7.9,83,1.5,24.615521,87.96476,01-08-2026 10:59,Active,60,Rail
C1181,Apple,Bengaluru,Jaipur,13.1,95,0.34,15.41059,75.699987,01-08-2026 11:00,Active,52,Rail
C1182,Avocado,Chennai,Delhi,6.7,91,0.62,24.475065,81.102174,01-08-2026 11:01,Active,79,Rail
C1183,Banana,Bengaluru,Kolkata,15,85,0.84,23.767873,85.5851,01-08-2026 11:02,Low Battery,44,Truck
C1184,Banana,Mumbai,Jaipur,8.1,88,0.58,25.998183,84.874338,01-08-2026 11:03,Active,80,Truck
C1185,Banana,Hyderabad,Jaipur,8.5,58,1.26,18.621094,77.018055,01-08-2026 11:04,Low Battery,50,Rail
C1186,Orange,Hyderabad,Lucknow,13.6,60,0.45,21.01867,81.088883,01-08-2026 11:05,Low Battery,48,Truck
C1187,Orange,Mumbai,Kolkata,10.3,92,1.42,11.160982,82.869092,01-08-2026 11:06,Active,86,Truck
C1188,Avocado,Chennai,Ahmedabad,3.1,91,0.47,12.321572,81.440264,01-08-2026 11:07,Active,79,Rail
C1189,Apple,Pune,Ahmedabad,8.3,80,0.52,9.495947,72.988565,01-08-2026 11:08,Active,68,Rail
C1190,Mango,Hyderabad,Ahmedabad,6.4,64,0.54,22.726439,84.114296,01-08-2026 11:09,Active,95,Truck
C1191,Apple,Bengaluru,Delhi,8.7,61,0.55,17.562688,76.413283,01-08-2026 11:10,Active,55,Truck
C1192,Apple,Hyderabad,Lucknow,14.3,94,0.69,27.73506,86.888129,01-08-2026 11:11,Active,92,Rail
C1193,Mango,Chennai,Delhi,11.9,86,1.49,17.56971,86.504748,01-08-2026 11:12,Active,71,Rail
C1194,Orange,Mumbai,Ahmedabad,7.9,70,0.4,15.234349,72.833917,01-08-2026 11:13,Active,71,Rail
C1195,Orange,Pune,Kolkata,2.1,61,0.7,26.090342,84.003883,01-08-2026 11:14,Active,88,Truck
C1196,Banana,Pune,Lucknow,2.7,90,0.37,19.34107,73.213274,01-08-2026 11:15,Active,72,Rail
C1197,Orange,Mumbai,Kolkata,10.8,62,0.28,9.98197,78.157773,01-08-2026 11:16,Active,61,Truck
C1198,Mango,Pune,Lucknow,9.8,80,0.8,8.928719,74.2611,01-08-2026 11:17,Active,61,Rail
C1199,Mango,Mumbai,Kolkata,9.9,87,0.3,27.093059,77.255746,01-08-2026 11:18,Active,65,Rail
C1200,Orange,Hyderabad,Kolkata,12.8,89,0.79,19.539947,79.835728,01-08-2026 11:19,Low Battery,41,Truck
C1201,Banana,Mumbai,Lucknow,9.6,95,0.14,17.729099,87.956666,01-08-2026 11:20,Active,90,Truck
C1202,Avocado,Bengaluru,Jaipur,9.6,65,0.83,22.784248,84.781001,01-08-2026 11:21,Active,64,Truck
C1203,Orange,Bengaluru,Ahmedabad,14.3,62,0.37,17.041291,78.909875,01-08-2026 11:22,Active,66,Rail
C1204,Avocado,Pune,Kolkata,11.2,88,0.39,14.663515,82.926742,01-08-2026 11:23,Active,73,Truck
C1205,Banana,Hyderabad,Lucknow,13.9,76,0.86,21.855306,86.316298,01-08-2026 11:24,Active,83,Rail
C1206,Mango,Hyderabad,Jaipur,14.4,72,0.88,12.609774,88.053025,01-08-2026 11:25,Active,59,Rail
C1207,Apple,Mumbai,Lucknow,8.2,90,1.41,24.30581,76.512049,01-08-2026 11:26,Low Battery,47,Rail
C1208,Banana,Pune,Kolkata,12.6,64,0.51,13.896422,83.783331,01-08-2026 11:27,Active,62,Rail
C1209,Mango,Mumbai,Lucknow,4.6,89,0.48,19.521369,76.481754,01-08-2026 11:28,Low Battery,46,Truck
C1210,Mango,Pune,Delhi,2.7,88,0.42,12.773149,73.653266,01-08-2026 11:29,Active,61,Truck
C1211,Avocado,Bengaluru,Kolkata,14.5,65,0.67,27.168158,86.493594,01-08-2026 11:30,Active,70,Rail
C1212,Apple,Chennai,Jaipur,10.4,60,1.01,12.760514,84.188328,01-08-2026 11:31,Active,94,Rail
C1213,Mango,Hyderabad,Delhi,14.1,57,1.5,16.138389,80.173834,01-08-2026 11:32,Active,99,Truck
C1214,Apple,Mumbai,Lucknow,9.4,61,1.4,14.868363,79.49676,01-08-2026 11:33,Active,81,Rail
C1215,Mango,Pune,Kolkata,13.1,84,0.48,24.580685,77.456288,01-08-2026 11:34,Active,86,Truck
C1216,Avocado,Pune,Ahmedabad,11.6,73,0.89,23.524296,74.895666,01-08-2026 11:35,Active,94,Rail
C1217,Avocado,Chennai,Kolkata,7.2,61,0.36,10.882543,77.339428,01-08-2026 11:36,Active,55,Rail
C1218,Mango,Hyderabad,Kolkata,7.8,72,1.44,14.18989,83.927562,01-08-2026 11:37,Low Battery,40,Truck
C1219,Avocado,Hyderabad,Delhi,10.7,84,0.53,16.311041,80.291588,01-08-2026 11:38,Active,97,Rail
C1220,Apple,Hyderabad,Ahmedabad,10,69,1.44,17.802729,79.507148,01-08-2026 11:39,Active,78,Rail
C1221,Orange,Chennai,Lucknow,12.4,68,1.17,21.947009,81.830939,01-08-2026 11:40,Active,90,Rail
C1222,Orange,Mumbai,Jaipur,11.1,59,1.38,10.30028,85.674772,01-08-2026 11:41,Active,97,Truck
C1223,Mango,Chennai,Lucknow,6.3,88,0.72,21.946052,83.829146,01-08-2026 11:42,Active,71,Rail
C1224,Avocado,Hyderabad,Delhi,7.9,87,0.68,19.560179,81.220154,01-08-2026 11:43,Active,83,Rail
C1225,Apple,Mumbai,Delhi,12.6,68,0.91,8.928441,77.684726,01-08-2026 11:44,Low Battery,44,Truck
C1226,Banana,Pune,Kolkata,2.4,81,0.35,10.776292,82.585163,01-08-2026 11:45,Active,86,Rail
C1227,Banana,Bengaluru,Kolkata,13.3,79,0.63,21.995972,82.919577,01-08-2026 11:46,Active,74,Truck
C1228,Mango,Chennai,Kolkata,14.9,80,0.84,22.921092,75.674389,01-08-2026 11:47,Low Battery,40,Rail
C1229,Orange,Bengaluru,Delhi,7.5,79,1.25,13.073997,77.711636,01-08-2026 11:48,Active,57,Truck
C1230,Banana,Mumbai,Delhi,10,56,0.44,9.379464,81.800078,01-08-2026 11:49,Active,68,Truck
C1231,Avocado,Mumbai,Kolkata,7.2,69,0.86,23.464907,84.80505,01-08-2026 11:50,Low Battery,48,Truck
C1232,Orange,Bengaluru,Lucknow,6.1,93,1.18,24.776841,75.908917,01-08-2026 11:51,Active,96,Truck
C1233,Banana,Pune,Lucknow,5.9,58,0.88,20.129176,84.131,01-08-2026 11:52,Active,51,Rail
C1234,Avocado,Hyderabad,Ahmedabad,14.6,79,1.2,14.534056,78.869356,01-08-2026 11:53,Low Battery,49,Truck
C1235,Orange,Chennai,Lucknow,8.2,69,0.52,22.505324,85.295307,01-08-2026 11:54,Active,98,Rail
C1236,Banana,Pune,Kolkata,9.2,63,0.64,13.227411,77.449339,01-08-2026 11:55,Low Battery,45,Truck
C1237,Orange,Chennai,Jaipur,11.4,67,0.17,15.731943,81.981996,01-08-2026 11:56,Low Battery,42,Truck
C1238,Banana,Chennai,Ahmedabad,4.7,76,0.52,26.63438,75.494828,01-08-2026 11:57,Active,52,Truck
C1239,Orange,Pune,Lucknow,11.1,80,1.38,19.317625,84.795979,01-08-2026 11:58,Active,64,Rail
C1240,Apple,Pune,Kolkata,5.4,87,1.34,17.553083,85.246474,01-08-2026 11:59,Active,86,Truck
C1241,Apple,Mumbai,Lucknow,6.1,57,0.89,12.536119,74.407725,01-08-2026 12:00,Active,56,Rail
C1242,Apple,Hyderabad,Kolkata,4,76,0.42,19.680685,76.054545,01-08-2026 12:01,Active,75,Rail
C1243,Banana,Mumbai,Delhi,8,77,0.34,22.766427,80.057219,01-08-2026 12:02,Active,98,Truck
C1244,Avocado,Chennai,Jaipur,14.3,58,1.17,16.454041,85.901988,01-08-2026 12:03,Active,54,Truck
C1245,Mango,Pune,Ahmedabad,8.6,78,0.18,21.073436,87.409411,01-08-2026 12:04,Active,98,Truck
C1246,Avocado,Chennai,Lucknow,8.9,81,0.12,18.853062,76.533222,01-08-2026 12:05,Active,58,Rail
C1247,Mango,Hyderabad,Kolkata,3.4,61,0.83,12.939861,82.226384,01-08-2026 12:06,Active,56,Rail
C1248,Avocado,Chennai,Delhi,6.8,80,0.74,12.985762,83.504399,01-08-2026 12:07,Active,59,Truck
C1249,Banana,Pune,Ahmedabad,6.9,90,0.77,21.053336,83.596945,01-08-2026 12:08,Low Battery,45,Rail
C1250,Orange,Mumbai,Ahmedabad,14.7,61,1.35,26.84262,75.791147,01-08-2026 12:09,Active,97,Rail
C1251,Avocado,Hyderabad,Delhi,14,72,1.36,19.551952,72.542879,01-08-2026 12:10,Active,99,Truck
C1252,Orange,Pune,Lucknow,3.9,80,1.4,14.135176,81.30531,01-08-2026 12:11,Active,76,Rail
C1253,Banana,Hyderabad,Delhi,11.8,63,1.21,22.130866,73.294057,01-08-2026 12:12,Active,87,Truck
C1254,Banana,Hyderabad,Delhi,5,59,0.58,23.764616,87.755164,01-08-2026 12:13,Active,65,Rail
C1255,Banana,Pune,Delhi,8.4,77,0.87,15.696253,75.064674,01-08-2026 12:14,Active,77,Rail
C1256,Mango,Pune,Kolkata,11.3,60,0.48,15.79,84.93419,01-08-2026 12:15,Low Battery,49,Rail
C1257,Avocado,Bengaluru,Ahmedabad,3.2,74,0.72,23.607603,73.686818,01-08-2026 12:16,Low Battery,45,Rail
C1258,Orange,Mumbai,Kolkata,9.2,81,0.24,9.837186,81.144627,01-08-2026 12:17,Active,78,Rail
C1259,Avocado,Mumbai,Lucknow,5.8,79,1.19,22.859299,81.232353,01-08-2026 12:18,Active,55,Truck
C1260,Banana,Hyderabad,Ahmedabad,4.2,72,0.52,18.109041,73.043908,01-08-2026 12:19,Active,67,Rail
C1261,Banana,Mumbai,Jaipur,12.2,78,0.45,13.055096,82.313056,01-08-2026 12:20,Active,78,Rail
C1262,Avocado,Hyderabad,Ahmedabad,3.8,55,1.43,14.810453,82.233171,01-08-2026 12:21,Active,91,Rail
C1263,Banana,Pune,Kolkata,12.6,93,0.29,14.573636,87.630102,01-08-2026 12:22,Active,52,Truck
C1264,Banana,Bengaluru,Kolkata,14.6,73,1.13,20.9745,87.968091,01-08-2026 12:23,Active,90,Rail
C1265,Apple,Bengaluru,Lucknow,12.6,80,0.61,27.107377,75.296701,01-08-2026 12:24,Active,74,Truck
C1266,Banana,Pune,Ahmedabad,14.3,68,0.71,13.97229,83.431782,01-08-2026 12:25,Active,92,Truck
C1267,Apple,Pune,Lucknow,5.1,64,1.1,24.176074,73.220425,01-08-2026 12:26,Active,78,Rail
C1268,Orange,Mumbai,Lucknow,8.6,81,0.86,24.209779,77.932237,01-08-2026 12:27,Active,97,Truck
C1269,Avocado,Pune,Kolkata,12,77,0.33,20.559897,81.293135,01-08-2026 12:28,Active,81,Rail
C1270,Avocado,Mumbai,Jaipur,2.1,71,0.41,23.310487,81.206891,01-08-2026 12:29,Active,84,Rail
C1271,Apple,Chennai,Kolkata,7.1,92,1.07,11.090271,88.462095,01-08-2026 12:30,Active,70,Rail
C1272,Avocado,Pune,Kolkata,3.5,64,0.59,15.032867,84.940455,01-08-2026 12:31,Active,73,Rail
C1273,Avocado,Chennai,Kolkata,7.7,83,0.55,14.155414,85.368068,01-08-2026 12:32,Low Battery,47,Truck
C1274,Mango,Pune,Jaipur,14.1,70,0.82,19.314161,77.461329,01-08-2026 12:33,Active,67,Rail
C1275,Mango,Mumbai,Ahmedabad,4.4,82,0.65,23.116462,86.571107,01-08-2026 12:34,Active,68,Rail
C1276,Avocado,Chennai,Lucknow,11.2,68,0.49,22.427075,85.134133,01-08-2026 12:35,Active,76,Truck
C1277,Apple,Hyderabad,Lucknow,6.2,84,0.26,21.749379,80.076486,01-08-2026 12:36,Active,80,Rail
C1278,Orange,Hyderabad,Lucknow,7.1,62,0.59,25.333115,82.186484,01-08-2026 12:37,Active,92,Truck
C1279,Mango,Pune,Ahmedabad,6.1,70,0.53,11.752413,83.441703,01-08-2026 12:38,Active,72,Truck
C1280,Orange,Bengaluru,Lucknow,7,66,0.78,19.016275,87.166156,01-08-2026 12:39,Active,99,Truck
C1281,Banana,Chennai,Ahmedabad,5.8,66,0.54,17.24552,72.884586,01-08-2026 12:40,Active,62,Truck
C1282,Mango,Pune,Ahmedabad,12.6,90,0.81,18.146882,83.297495,01-08-2026 12:41,Active,66,Truck
C1283,Avocado,Pune,Lucknow,9.4,69,0.51,13.634485,80.870542,01-08-2026 12:42,Low Battery,50,Rail
C1284,Orange,Mumbai,Delhi,8.6,91,0.26,23.889817,85.584166,01-08-2026 12:43,Active,63,Rail
C1285,Orange,Chennai,Ahmedabad,4.8,82,0.24,25.01645,84.397201,01-08-2026 12:44,Active,59,Rail
C1286,Apple,Bengaluru,Lucknow,13.2,60,0.71,28.376133,84.797922,01-08-2026 12:45,Active,55,Rail
C1287,Orange,Chennai,Lucknow,10.2,65,0.96,24.089411,85.423243,01-08-2026 12:46,Active,91,Rail
C1288,Orange,Hyderabad,Lucknow,5.7,89,0.34,28.069503,76.828473,01-08-2026 12:47,Active,76,Truck
C1289,Mango,Bengaluru,Jaipur,14.5,81,1.39,28.345968,86.306285,01-08-2026 12:48,Low Battery,48,Truck
C1290,Apple,Pune,Ahmedabad,12.8,80,0.79,19.837223,76.433833,01-08-2026 12:49,Active,66,Truck
C1291,Avocado,Hyderabad,Lucknow,7.2,72,1.07,25.985006,79.502478,01-08-2026 12:50,Active,71,Truck
C1292,Avocado,Mumbai,Ahmedabad,11.5,84,0.99,22.294424,86.026753,01-08-2026 12:51,Active,90,Truck
C1293,Banana,Bengaluru,Lucknow,12.7,86,0.48,24.981044,77.57296,01-08-2026 12:52,Active,76,Rail
C1294,Apple,Chennai,Jaipur,13.6,58,0.16,20.83668,85.805586,01-08-2026 12:53,Low Battery,41,Rail
C1295,Banana,Hyderabad,Jaipur,2,82,0.38,22.116134,74.176566,01-08-2026 12:54,Active,81,Rail
C1296,Avocado,Pune,Kolkata,10.5,71,0.22,21.622431,82.707035,01-08-2026 12:55,Low Battery,43,Truck
C1297,Banana,Mumbai,Ahmedabad,10.5,61,0.1,17.774538,74.189547,01-08-2026 12:56,Active,54,Truck
C1298,Avocado,Bengaluru,Ahmedabad,11,62,1.48,16.657436,74.18089,01-08-2026 12:57,Low Battery,44,Truck
C1299,Avocado,Bengaluru,Jaipur,3.3,78,1.33,10.811151,84.762098,01-08-2026 12:58,Active,88,Truck
C1300,Orange,Bengaluru,Ahmedabad,9.3,94,1.01,17.022038,83.920128,01-08-2026 12:59,Active,80,Rail
C1301,Mango,Pune,Kolkata,3.1,61,0.3,10.524723,84.045151,01-08-2026 13:00,Active,62,Truck
C1302,Mango,Chennai,Kolkata,5.6,60,0.45,20.320481,83.899464,01-08-2026 13:01,Active,58,Truck
C1303,Orange,Bengaluru,Ahmedabad,9.9,67,1.15,14.058612,72.900391,01-08-2026 13:02,Active,97,Rail
C1304,Avocado,Hyderabad,Jaipur,5.1,95,0.93,18.829873,88.132,01-08-2026 13:03,Active,63,Rail
C1305,Orange,Chennai,Delhi,7.5,89,1.06,23.635882,87.748474,01-08-2026 13:04,Active,89,Truck
C1306,Avocado,Mumbai,Ahmedabad,5.4,57,1.39,27.44794,78.566588,01-08-2026 13:05,Active,58,Rail
C1307,Banana,Mumbai,Jaipur,3.1,89,0.85,11.129949,73.379352,01-08-2026 13:06,Low Battery,45,Truck
C1308,Orange,Hyderabad,Ahmedabad,6.2,92,0.99,25.107793,83.237419,01-08-2026 13:07,Low Battery,44,Truck
C1309,Avocado,Bengaluru,Delhi,5.2,82,0.26,20.552084,72.907972,01-08-2026 13:08,Active,82,Truck
C1310,Mango,Hyderabad,Jaipur,11.1,65,0.79,15.107455,80.534177,01-08-2026 13:09,Active,92,Rail
C1311,Mango,Pune,Kolkata,11.7,72,1.13,10.420163,86.848308,01-08-2026 13:10,Active,61,Truck
C1312,Apple,Pune,Lucknow,11.3,91,0.98,18.171025,80.427901,01-08-2026 13:11,Low Battery,43,Truck
C1313,Apple,Mumbai,Delhi,4,61,1.35,21.819469,73.903004,01-08-2026 13:12,Active,87,Truck
C1314,Avocado,Chennai,Lucknow,5.2,85,0.61,26.864644,74.952855,01-08-2026 13:13,Active,94,Rail
C1315,Mango,Hyderabad,Delhi,6.2,81,1.38,14.55867,85.62895,01-08-2026 13:14,Active,76,Truck
C1316,Mango,Hyderabad,Kolkata,4.9,88,1.47,27.558628,73.137286,01-08-2026 13:15,Active,69,Rail
C1317,Avocado,Mumbai,Jaipur,9.2,55,0.62,13.977699,84.944369,01-08-2026 13:16,Active,87,Rail
C1318,Apple,Bengaluru,Jaipur,9.7,86,1.5,23.905662,84.085645,01-08-2026 13:17,Active,74,Truck
C1319,Banana,Hyderabad,Delhi,2.3,89,0.58,25.211267,86.473777,01-08-2026 13:18,Active,100,Rail
C1320,Apple,Hyderabad,Delhi,3.4,88,1.48,16.606225,87.859554,01-08-2026 13:19,Low Battery,49,Truck
C1321,Mango,Chennai,Lucknow,13.7,88,0.68,26.359348,79.564557,01-08-2026 13:20,Active,87,Truck
C1322,Orange,Bengaluru,Kolkata,3.7,80,0.2,19.640325,79.177217,01-08-2026 13:21,Low Battery,48,Rail
C1323,Apple,Bengaluru,Delhi,14,80,1.08,23.074734,77.247952,01-08-2026 13:22,Active,57,Truck
C1324,Mango,Pune,Delhi,12.1,92,0.25,10.165984,79.417851,01-08-2026 13:23,Active,60,Rail
C1325,Mango,Hyderabad,Lucknow,7.9,84,0.47,10.458228,74.600654,01-08-2026 13:24,Active,83,Truck
C1326,Mango,Mumbai,Delhi,12.9,75,0.31,22.578727,87.9786,01-08-2026 13:25,Active,65,Rail
C1327,Apple,Mumbai,Jaipur,12.7,66,0.14,16.290041,79.461319,01-08-2026 13:26,Active,87,Truck
C1328,Banana,Bengaluru,Jaipur,3.3,63,0.27,9.264218,84.88584,01-08-2026 13:27,Active,54,Rail
C1329,Apple,Chennai,Jaipur,10.9,60,0.92,13.305823,85.410327,01-08-2026 13:28,Low Battery,41,Rail
C1330,Mango,Mumbai,Ahmedabad,3.2,76,0.27,27.316754,72.835522,01-08-2026 13:29,Active,99,Rail
C1331,Banana,Pune,Jaipur,2.4,82,0.34,12.40168,75.087993,01-08-2026 13:30,Active,57,Truck
C1332,Orange,Chennai,Delhi,10,70,1.01,18.227278,86.565846,01-08-2026 13:31,Active,70,Rail
C1333,Banana,Mumbai,Delhi,3.8,67,1,24.342558,76.110938,01-08-2026 13:32,Active,91,Rail
C1334,Apple,Bengaluru,Delhi,8.2,86,0.58,19.595848,77.306473,01-08-2026 13:33,Active,57,Rail
C1335,Orange,Mumbai,Jaipur,4.8,72,0.18,28.326392,80.735633,01-08-2026 13:34,Active,89,Truck
C1336,Avocado,Bengaluru,Lucknow,5.2,70,0.47,24.733846,87.134781,01-08-2026 13:35,Low Battery,43,Rail
C1337,Apple,Hyderabad,Lucknow,14.2,66,0.35,20.14665,85.302469,01-08-2026 13:36,Active,84,Truck
C1338,Apple,Pune,Lucknow,14.3,91,0.3,27.441554,85.805498,01-08-2026 13:37,Active,91,Rail
C1339,Mango,Chennai,Kolkata,8.4,60,0.18,20.334087,72.328812,01-08-2026 13:38,Active,70,Truck
C1340,Mango,Bengaluru,Lucknow,6.4,66,1.39,25.307824,77.339215,01-08-2026 13:39,Low Battery,41,Truck
C1341,Avocado,Mumbai,Delhi,13,78,1.44,15.658611,87.541733,01-08-2026 13:40,Active,65,Rail
C1342,Apple,Hyderabad,Jaipur,6.2,65,1.13,16.955802,82.547889,01-08-2026 13:41,Active,71,Rail
C1343,Mango,Chennai,Lucknow,10.7,66,0.63,23.046897,76.859535,01-08-2026 13:42,Active,51,Rail
C1344,Orange,Mumbai,Delhi,2.4,93,0.55,24.580542,82.087789,01-08-2026 13:43,Active,80,Rail
C1345,Mango,Chennai,Kolkata,6.3,59,0.43,28.138783,74.770142,01-08-2026 13:44,Active,96,Rail
C1346,Avocado,Chennai,Delhi,5.4,70,1.07,15.184864,84.98583,01-08-2026 13:45,Active,86,Rail
C1347,Banana,Pune,Delhi,11.5,65,1.34,18.108181,78.248757,01-08-2026 13:46,Active,74,Rail
C1348,Orange,Chennai,Kolkata,10.5,69,0.33,9.511042,85.955081,01-08-2026 13:47,Active,58,Rail
C1349,Avocado,Chennai,Kolkata,3,65,1.34,11.298542,73.23754,01-08-2026 13:48,Active,100,Rail
C1350,Avocado,Bengaluru,Jaipur,7.6,65,0.95,16.901108,72.88367,01-08-2026 13:49,Active,61,Rail
C1351,Orange,Pune,Lucknow,11.4,89,0.47,13.771223,75.919547,01-08-2026 13:50,Low Battery,43,Rail
C1352,Mango,Pune,Jaipur,2.7,55,0.7,14.038264,82.923334,01-08-2026 13:51,Active,78,Truck
C1353,Avocado,Pune,Ahmedabad,4.7,95,0.51,9.67969,85.92219,01-08-2026 13:52,Active,59,Rail
C1354,Apple,Pune,Delhi,3.2,89,0.64,15.605921,78.293846,01-08-2026 13:53,Active,51,Rail
C1355,Banana,Chennai,Delhi,8,69,1.27,19.567055,74.493656,01-08-2026 13:54,Active,84,Rail
C1356,Orange,Pune,Lucknow,7.4,92,0.42,9.250167,78.387251,01-08-2026 13:55,Active,73,Rail
C1357,Orange,Mumbai,Lucknow,13.5,85,0.52,16.093489,86.090007,01-08-2026 13:56,Low Battery,42,Truck
C1358,Avocado,Bengaluru,Jaipur,14.3,83,0.34,28.179544,88.04072,01-08-2026 13:57,Active,91,Truck
C1359,Banana,Hyderabad,Kolkata,3,82,0.38,24.862563,74.439991,01-08-2026 13:58,Active,78,Truck
C1360,Avocado,Chennai,Lucknow,7,80,0.87,25.560796,80.574855,01-08-2026 13:59,Active,98,Rail
C1361,Avocado,Chennai,Lucknow,7.4,64,0.89,19.94488,87.919722,01-08-2026 14:00,Low Battery,46,Truck
C1362,Apple,Mumbai,Ahmedabad,13.3,77,1.33,13.414801,82.803997,01-08-2026 14:01,Active,76,Truck
C1363,Mango,Hyderabad,Jaipur,5.6,64,0.97,21.956664,78.628378,01-08-2026 14:02,Active,65,Truck
C1364,Banana,Pune,Delhi,14,78,0.13,24.756411,77.000407,01-08-2026 14:03,Active,57,Truck
C1365,Mango,Chennai,Jaipur,5.9,83,1.18,14.5778,84.02519,01-08-2026 14:04,Active,78,Rail
C1366,Mango,Chennai,Lucknow,13.9,81,1.14,23.569613,86.308618,01-08-2026 14:05,Active,92,Truck
C1367,Avocado,Chennai,Jaipur,6,87,0.66,24.000587,80.650723,01-08-2026 14:06,Active,76,Truck
C1368,Mango,Hyderabad,Kolkata,12.9,70,0.15,9.036465,77.946189,01-08-2026 14:07,Active,52,Rail
C1369,Orange,Bengaluru,Ahmedabad,7.2,62,1.05,12.959731,80.064981,01-08-2026 14:08,Active,68,Rail
C1370,Apple,Chennai,Jaipur,4.1,71,1.15,22.121436,76.703645,01-08-2026 14:09,Active,64,Truck
C1371,Mango,Chennai,Ahmedabad,10.4,68,0.48,16.394898,72.330864,01-08-2026 14:10,Active,89,Truck
C1372,Mango,Hyderabad,Ahmedabad,9.8,55,0.41,20.47105,87.559582,01-08-2026 14:11,Active,85,Rail
C1373,Apple,Mumbai,Delhi,8,68,0.75,21.882521,85.601129,01-08-2026 14:12,Active,65,Truck
C1374,Orange,Chennai,Ahmedabad,15,78,0.89,20.172337,76.664168,01-08-2026 14:13,Active,83,Truck
C1375,Apple,Hyderabad,Jaipur,14.8,95,0.56,13.676141,82.825973,01-08-2026 14:14,Active,100,Truck
C1376,Orange,Hyderabad,Jaipur,12,58,1.23,24.448457,81.900549,01-08-2026 14:15,Active,82,Truck
C1377,Banana,Mumbai,Jaipur,15,71,1.37,16.294277,84.15608,01-08-2026 14:16,Active,77,Rail
C1378,Mango,Hyderabad,Jaipur,10.9,95,1.2,26.583793,83.08583,01-08-2026 14:17,Active,72,Truck
C1379,Apple,Bengaluru,Kolkata,3.3,63,1.14,22.866326,81.224022,01-08-2026 14:18,Active,98,Truck
C1380,Mango,Hyderabad,Ahmedabad,6.6,74,0.69,26.180293,78.13276,01-08-2026 14:19,Active,77,Truck
C1381,Banana,Bengaluru,Lucknow,2.7,95,0.92,27.35817,73.17506,01-08-2026 14:20,Active,96,Truck
C1382,Banana,Hyderabad,Ahmedabad,8.9,81,0.18,25.511915,74.266527,01-08-2026 14:21,Active,52,Rail
C1383,Mango,Hyderabad,Delhi,6.1,66,1.19,17.995407,82.412041,01-08-2026 14:22,Active,51,Truck
C1384,Banana,Chennai,Jaipur,5.6,65,0.91,11.24792,84.95598,01-08-2026 14:23,Active,89,Rail
C1385,Banana,Chennai,Kolkata,7.2,85,0.64,8.773369,75.290335,01-08-2026 14:24,Active,63,Truck
C1386,Avocado,Bengaluru,Delhi,10.8,95,1.13,12.638447,86.470255,01-08-2026 14:25,Active,59,Rail
C1387,Orange,Mumbai,Lucknow,9.7,65,0.19,8.937226,87.649646,01-08-2026 14:26,Active,69,Rail
C1388,Banana,Bengaluru,Ahmedabad,13.5,63,0.58,26.478367,77.92764,01-08-2026 14:27,Active,52,Truck
C1389,Mango,Hyderabad,Delhi,4.9,63,0.4,8.449222,80.326454,01-08-2026 14:28,Low Battery,47,Rail
C1390,Apple,Chennai,Delhi,12,94,0.17,28.390945,82.922504,01-08-2026 14:29,Active,81,Truck
C1391,Banana,Chennai,Kolkata,7.8,62,0.87,17.725125,74.526597,01-08-2026 14:30,Active,84,Rail
C1392,Avocado,Chennai,Lucknow,10.6,72,0.97,22.36489,78.910625,01-08-2026 14:31,Active,97,Truck
C1393,Apple,Mumbai,Jaipur,3.5,61,0.8,20.484537,84.836322,01-08-2026 14:32,Active,93,Rail
C1394,Banana,Hyderabad,Jaipur,5.8,57,0.87,26.662311,83.355365,01-08-2026 14:33,Active,70,Truck
C1395,Avocado,Mumbai,Delhi,10.7,62,1.27,21.71495,74.460884,01-08-2026 14:34,Low Battery,45,Truck
C1396,Apple,Bengaluru,Delhi,10.4,84,1.48,14.068455,79.660576,01-08-2026 14:35,Low Battery,46,Rail
C1397,Apple,Chennai,Delhi,12.4,75,0.7,10.375972,86.045557,01-08-2026 14:36,Active,96,Truck
C1398,Mango,Hyderabad,Jaipur,6.3,83,1.44,13.500343,84.095621,01-08-2026 14:37,Active,63,Truck
C1399,Banana,Pune,Jaipur,7.2,84,0.48,15.907168,86.036081,01-08-2026 14:38,Active,91,Truck
C1400,Mango,Mumbai,Ahmedabad,11.1,58,1.47,25.309172,73.711266,01-08-2026 14:39,Active,98,Rail
C1401,Mango,Bengaluru,Ahmedabad,9.9,77,0.96,25.682803,86.519179,01-08-2026 14:40,Active,86,Rail
C1402,Avocado,Mumbai,Lucknow,13.5,83,0.16,13.363064,77.184926,01-08-2026 14:41,Active,85,Truck
C1403,Apple,Pune,Jaipur,8.7,94,0.23,21.565122,76.10152,01-08-2026 14:42,Active,62,Truck
C1404,Avocado,Chennai,Ahmedabad,10.4,65,0.81,17.620423,80.181276,01-08-2026 14:43,Low Battery,50,Rail
C1405,Mango,Bengaluru,Delhi,6.3,72,0.17,12.565484,82.614736,01-08-2026 14:44,Active,65,Rail
C1406,Banana,Chennai,Delhi,12.4,83,0.22,18.218351,77.215015,01-08-2026 14:45,Active,71,Rail
C1407,Banana,Hyderabad,Lucknow,2.5,90,0.1,9.863359,81.969354,01-08-2026 14:46,Active,79,Truck
C1408,Banana,Mumbai,Lucknow,14.4,78,1.26,24.740068,85.931238,01-08-2026 14:47,Active,61,Rail
C1409,Apple,Hyderabad,Lucknow,11.3,62,0.24,21.50766,72.03625,01-08-2026 14:48,Active,62,Rail
C1410,Avocado,Chennai,Kolkata,2.6,65,0.79,24.847693,84.25143,01-08-2026 14:49,Active,66,Truck
C1411,Mango,Chennai,Ahmedabad,3.6,80,0.4,24.90336,75.14455,01-08-2026 14:50,Active,61,Truck
C1412,Orange,Chennai,Lucknow,3.6,83,0.74,20.080981,80.31926,01-08-2026 14:51,Active,71,Truck
C1413,Orange,Mumbai,Jaipur,14.2,92,0.78,18.420824,87.199178,01-08-2026 14:52,Active,51,Truck
C1414,Avocado,Mumbai,Jaipur,7,93,0.95,14.597797,86.542944,01-08-2026 14:53,Active,66,Rail
C1415,Banana,Mumbai,Kolkata,14.5,73,0.73,10.734123,78.8103,01-08-2026 14:54,Active,84,Rail
C1416,Orange,Bengaluru,Jaipur,10.2,67,0.39,22.644883,83.329086,01-08-2026 14:55,Active,98,Rail
C1417,Avocado,Mumbai,Kolkata,11.9,90,0.77,19.698083,83.008094,01-08-2026 14:56,Active,66,Rail
C1418,Avocado,Bengaluru,Kolkata,8.8,56,0.63,9.087832,72.933979,01-08-2026 14:57,Active,57,Rail
C1419,Mango,Chennai,Lucknow,12.9,73,0.39,19.094028,77.91826,01-08-2026 14:58,Active,68,Truck
C1420,Orange,Chennai,Ahmedabad,7.1,87,1.2,24.375846,76.746038,01-08-2026 14:59,Active,82,Rail
C1421,Banana,Mumbai,Ahmedabad,14.4,75,1.45,9.102945,84.270554,01-08-2026 15:00,Active,52,Truck
C1422,Apple,Hyderabad,Ahmedabad,11.8,89,1.13,12.027616,83.96109,01-08-2026 15:01,Active,52,Truck
C1423,Avocado,Mumbai,Kolkata,4.4,66,1.13,10.446753,72.670465,01-08-2026 15:02,Active,57,Truck
C1424,Mango,Bengaluru,Kolkata,9.6,71,0.11,17.559792,87.468658,01-08-2026 15:03,Low Battery,42,Truck
C1425,Orange,Hyderabad,Lucknow,13,74,0.79,19.739878,77.908412,01-08-2026 15:04,Active,90,Truck
C1426,Mango,Bengaluru,Jaipur,8.8,87,0.32,19.133143,78.656382,01-08-2026 15:05,Active,62,Rail
C1427,Apple,Chennai,Delhi,6.7,68,1.43,20.674752,79.835144,01-08-2026 15:06,Active,75,Rail
C1428,Banana,Hyderabad,Ahmedabad,5.1,94,1.39,12.998457,72.657975,01-08-2026 15:07,Active,96,Truck
C1429,Banana,Mumbai,Ahmedabad,5.3,73,0.13,18.59579,84.713156,01-08-2026 15:08,Active,72,Rail
C1430,Avocado,Mumbai,Lucknow,5.9,67,0.55,9.688082,73.583281,01-08-2026 15:09,Active,89,Truck
C1431,Avocado,Bengaluru,Lucknow,4.7,95,1.18,25.731493,78.999456,01-08-2026 15:10,Low Battery,46,Rail
C1432,Avocado,Chennai,Jaipur,11.7,64,0.13,22.6958,72.625124,01-08-2026 15:11,Low Battery,44,Rail
C1433,Orange,Pune,Kolkata,2.9,69,1.38,16.356472,79.443573,01-08-2026 15:12,Active,65,Truck
C1434,Banana,Mumbai,Delhi,10.8,89,0.11,22.765856,73.04342,01-08-2026 15:13,Active,87,Truck
C1435,Apple,Pune,Ahmedabad,14.1,61,0.51,22.060513,82.008336,01-08-2026 15:14,Active,58,Rail
C1436,Avocado,Mumbai,Kolkata,8.2,89,0.41,23.308455,85.146712,01-08-2026 15:15,Active,94,Truck
C1437,Apple,Chennai,Delhi,10.8,78,1.44,8.228579,86.433654,01-08-2026 15:16,Low Battery,49,Truck
C1438,Orange,Hyderabad,Jaipur,9.8,89,0.87,9.745101,75.465873,01-08-2026 15:17,Active,87,Rail
C1439,Orange,Mumbai,Delhi,3.9,66,0.41,25.112342,75.206383,01-08-2026 15:18,Active,51,Rail
C1440,Orange,Hyderabad,Kolkata,3,59,0.45,12.047061,81.579828,01-08-2026 15:19,Active,100,Truck
C1441,Mango,Mumbai,Kolkata,3.3,94,0.2,11.966721,80.01671,01-08-2026 15:20,Active,61,Truck
C1442,Orange,Bengaluru,Ahmedabad,9.4,75,1.44,11.45711,77.168044,01-08-2026 15:21,Active,90,Rail
C1443,Apple,Pune,Lucknow,3.7,76,1.33,17.488392,77.919236,01-08-2026 15:22,Active,59,Truck
C1444,Mango,Bengaluru,Kolkata,10.4,60,1.28,25.60363,74.310028,01-08-2026 15:23,Active,74,Truck
C1445,Avocado,Mumbai,Jaipur,13.6,87,0.98,24.659169,81.551863,01-08-2026 15:24,Active,89,Truck
C1446,Orange,Mumbai,Kolkata,5.4,89,0.76,23.891543,78.036007,01-08-2026 15:25,Active,54,Truck
C1447,Banana,Mumbai,Jaipur,8.5,60,0.66,18.294429,82.934195,01-08-2026 15:26,Active,94,Truck
C1448,Banana,Pune,Kolkata,4.1,91,1.43,21.517973,87.967637,01-08-2026 15:27,Active,87,Truck
C1449,Mango,Mumbai,Kolkata,11.9,69,0.19,15.573421,72.706339,01-08-2026 15:28,Active,53,Rail
C1450,Banana,Hyderabad,Kolkata,13.9,57,0.16,21.294757,73.703213,01-08-2026 15:29,Active,73,Truck
C1451,Banana,Pune,Jaipur,10.5,78,0.92,26.413646,73.284318,01-08-2026 15:30,Active,56,Rail
C1452,Apple,Bengaluru,Ahmedabad,12.6,77,0.78,17.883257,81.969481,01-08-2026 15:31,Active,72,Truck
C1453,Mango,Chennai,Jaipur,3,72,0.4,11.831566,77.976679,01-08-2026 15:32,Active,85,Rail
C1454,Apple,Pune,Delhi,11.4,85,1.05,17.819934,81.74805,01-08-2026 15:33,Active,81,Truck
C1455,Avocado,Bengaluru,Delhi,3.7,92,0.33,20.905579,72.646649,01-08-2026 15:34,Active,76,Truck
C1456,Apple,Hyderabad,Delhi,14,88,1.44,20.286829,81.299478,01-08-2026 15:35,Low Battery,41,Truck
C1457,Banana,Bengaluru,Lucknow,9.9,85,1.31,11.496619,85.700999,01-08-2026 15:36,Active,78,Truck
C1458,Orange,Mumbai,Delhi,10.6,71,0.33,22.054619,87.218807,01-08-2026 15:37,Active,78,Truck
C1459,Banana,Pune,Jaipur,7,61,0.12,18.715583,87.004097,01-08-2026 15:38,Active,83,Truck
C1460,Mango,Chennai,Delhi,8.2,94,0.94,25.993929,80.768594,01-08-2026 15:39,Active,88,Rail
C1461,Mango,Pune,Lucknow,13.7,89,1.26,26.387864,84.785362,01-08-2026 15:40,Active,81,Rail
C1462,Apple,Pune,Kolkata,13.4,88,0.7,27.237643,79.955037,01-08-2026 15:41,Active,89,Truck
C1463,Banana,Mumbai,Ahmedabad,3.7,85,1.17,26.65675,73.38299,01-08-2026 15:42,Active,78,Rail
C1464,Mango,Bengaluru,Kolkata,2.1,55,0.91,10.415486,72.118702,01-08-2026 15:43,Active,81,Rail
C1465,Apple,Mumbai,Kolkata,3.4,82,1.01,13.199471,86.107119,01-08-2026 15:44,Active,67,Rail
C1466,Banana,Mumbai,Ahmedabad,11.8,81,0.87,19.430035,74.948873,01-08-2026 15:45,Active,75,Rail
C1467,Apple,Bengaluru,Ahmedabad,9.5,80,1.13,25.527478,82.878167,01-08-2026 15:46,Active,87,Truck
C1468,Avocado,Chennai,Jaipur,4.8,80,1.2,24.417502,82.131419,01-08-2026 15:47,Active,83,Rail
C1469,Avocado,Bengaluru,Kolkata,12.5,64,0.76,20.305032,73.454321,01-08-2026 15:48,Active,56,Truck
C1470,Orange,Mumbai,Delhi,2.5,79,1.4,16.21322,82.826891,01-08-2026 15:49,Active,58,Truck
C1471,Banana,Chennai,Lucknow,7.7,67,1.29,27.080549,80.549529,01-08-2026 15:50,Active,52,Truck
C1472,Orange,Hyderabad,Ahmedabad,4.2,57,0.6,21.427892,88.098157,01-08-2026 15:51,Low Battery,45,Rail
C1473,Banana,Mumbai,Kolkata,7.3,67,0.82,23.106974,73.132183,01-08-2026 15:52,Low Battery,45,Rail
C1474,Apple,Mumbai,Delhi,14.5,72,0.42,27.742671,79.503524,01-08-2026 15:53,Active,65,Rail
C1475,Mango,Mumbai,Kolkata,7.3,61,0.88,18.314968,77.609437,01-08-2026 15:54,Low Battery,47,Rail
C1476,Banana,Pune,Ahmedabad,14.6,91,0.78,12.987102,77.604403,01-08-2026 15:55,Active,89,Truck
C1477,Banana,Bengaluru,Kolkata,3.5,59,0.64,24.167448,75.636308,01-08-2026 15:56,Active,84,Rail
C1478,Apple,Hyderabad,Delhi,8.7,55,1.08,13.398669,76.740278,01-08-2026 15:57,Active,65,Truck
C1479,Banana,Bengaluru,Ahmedabad,6.1,68,1.35,13.516054,87.627449,01-08-2026 15:58,Active,83,Truck
C1480,Mango,Hyderabad,Jaipur,11.6,71,0.39,12.156714,76.119975,01-08-2026 15:59,Active,79,Truck
C1481,Avocado,Pune,Kolkata,14,86,0.96,23.667006,80.93432,01-08-2026 16:00,Low Battery,42,Rail
C1482,Banana,Mumbai,Kolkata,13.7,91,1.32,18.06151,88.242512,01-08-2026 16:01,Active,98,Rail
C1483,Mango,Chennai,Lucknow,11.8,63,0.18,24.385033,79.892281,01-08-2026 16:02,Active,74,Rail
C1484,Banana,Chennai,Delhi,13.2,66,0.74,10.467548,80.550385,01-08-2026 16:03,Active,60,Truck
C1485,Banana,Bengaluru,Kolkata,9.6,75,0.61,25.667761,75.088015,01-08-2026 16:04,Active,56,Rail
C1486,Orange,Hyderabad,Ahmedabad,6.5,66,0.8,12.315916,83.561758,01-08-2026 16:05,Active,63,Rail
C1487,Banana,Hyderabad,Jaipur,4.3,63,1.47,22.063244,85.434146,01-08-2026 16:06,Active,86,Rail
C1488,Banana,Mumbai,Lucknow,4.5,64,0.76,8.199717,78.955091,01-08-2026 16:07,Low Battery,48,Rail
C1489,Banana,Chennai,Jaipur,5.9,90,1.3,8.978041,73.633084,01-08-2026 16:08,Low Battery,50,Rail
C1490,Banana,Mumbai,Kolkata,12.9,61,0.73,14.860459,77.955873,01-08-2026 16:09,Active,75,Rail
C1491,Avocado,Mumbai,Jaipur,7.4,77,1.31,27.743889,75.282809,01-08-2026 16:10,Active,76,Rail
C1492,Apple,Mumbai,Kolkata,6.2,87,0.78,23.098786,86.678935,01-08-2026 16:11,Active,64,Rail
C1493,Mango,Pune,Delhi,13.3,95,1.23,14.91646,82.416011,01-08-2026 16:12,Active,76,Truck
C1494,Mango,Pune,Kolkata,6.5,75,0.54,13.972805,76.413294,01-08-2026 16:13,Active,81,Rail
C1495,Apple,Bengaluru,Jaipur,11.7,88,1.45,16.486776,75.034122,01-08-2026 16:14,Low Battery,41,Rail
C1496,Avocado,Chennai,Delhi,4.7,80,0.24,9.307744,86.498401,01-08-2026 16:15,Active,75,Rail
C1497,Orange,Pune,Kolkata,11.9,60,0.25,20.671095,73.391136,01-08-2026 16:16,Active,99,Truck
C1498,Mango,Chennai,Kolkata,11.6,83,0.98,10.691181,85.835543,01-08-2026 16:17,Low Battery,41,Rail
C1499,Banana,Mumbai,Jaipur,8.1,89,1.41,19.245178,74.229396,01-08-2026 16:18,Active,100,Rail
C1500,Orange,Bengaluru,Delhi,7.7,95,1,14.348057,77.728277,01-08-2026 16:19,Active,74,Rail
C1501,Apple,Bengaluru,Kolkata,6.8,71,0.32,8.216394,80.634718,01-08-2026 16:20,Active,88,Rail
C1502,Banana,Hyderabad,Lucknow,9,86,1.43,17.779875,72.150688,01-08-2026 16:21,Active,67,Truck
C1503,Avocado,Pune,Ahmedabad,9.1,67,0.68,19.491364,78.513409,01-08-2026 16:22,Low Battery,50,Truck
C1504,Apple,Hyderabad,Kolkata,3,95,0.44,23.673035,87.014248,01-08-2026 16:23,Active,91,Rail
C1505,Banana,Pune,Kolkata,4.4,59,0.36,13.936704,82.50873,01-08-2026 16:24,Active,79,Rail
C1506,Mango,Hyderabad,Kolkata,6.2,64,0.17,18.9669,75.06797,01-08-2026 16:25,Low Battery,46,Truck
C1507,Banana,Hyderabad,Ahmedabad,11.5,69,0.23,8.301859,75.583603,01-08-2026 16:26,Active,66,Rail
C1508,Banana,Hyderabad,Ahmedabad,11.1,57,0.56,25.292699,87.702127,01-08-2026 16:27,Low Battery,43,Truck
C1509,Orange,Chennai,Jaipur,8.1,67,1.35,13.126629,78.296027,01-08-2026 16:28,Low Battery,40,Rail
C1510,Banana,Bengaluru,Ahmedabad,5.2,57,0.38,23.074117,73.550345,01-08-2026 16:29,Active,82,Rail
C1511,Apple,Chennai,Kolkata,14.2,65,0.98,8.864811,87.467445,01-08-2026 16:30,Active,73,Rail
C1512,Apple,Pune,Kolkata,4.6,58,1.31,12.464659,73.86332,01-08-2026 16:31,Active,80,Truck
C1513,Mango,Mumbai,Ahmedabad,12.3,92,0.27,24.177447,72.147343,01-08-2026 16:32,Low Battery,42,Truck
C1514,Apple,Chennai,Delhi,12,70,0.32,9.873732,82.20764,01-08-2026 16:33,Active,99,Rail
C1515,Mango,Hyderabad,Ahmedabad,11.1,61,0.28,12.76983,88.197649,01-08-2026 16:34,Active,90,Truck
C1516,Avocado,Pune,Lucknow,11,77,1.11,13.139273,72.651561,01-08-2026 16:35,Active,85,Rail
C1517,Orange,Hyderabad,Lucknow,11.1,67,0.89,19.144221,77.340734,01-08-2026 16:36,Active,69,Truck
C1518,Avocado,Mumbai,Ahmedabad,8.9,83,0.51,13.39866,78.05736,01-08-2026 16:37,Low Battery,40,Truck
C1519,Avocado,Mumbai,Ahmedabad,10.1,78,1.19,12.895124,83.896559,01-08-2026 16:38,Active,82,Truck
C1520,Orange,Chennai,Delhi,10.9,90,0.32,13.804146,78.761775,01-08-2026 16:39,Active,60,Truck
C1521,Avocado,Chennai,Delhi,12.9,63,0.35,8.641112,73.76641,01-08-2026 16:40,Active,52,Rail
C1522,Banana,Chennai,Jaipur,8.8,92,0.46,15.510257,81.998235,01-08-2026 16:41,Low Battery,44,Rail
C1523,Avocado,Hyderabad,Delhi,8.1,95,0.18,19.439408,87.481024,01-08-2026 16:42,Active,66,Rail
C1524,Orange,Chennai,Delhi,2.5,59,1.27,9.597675,75.562351,01-08-2026 16:43,Active,73,Truck
C1525,Orange,Mumbai,Lucknow,7,67,0.84,13.099642,82.317863,01-08-2026 16:44,Active,51,Rail
C1526,Avocado,Chennai,Jaipur,12,91,0.6,17.403772,82.976499,01-08-2026 16:45,Active,96,Truck
C1527,Orange,Hyderabad,Kolkata,7.2,76,1.02,18.94496,81.89861,01-08-2026 16:46,Active,99,Rail
C1528,Apple,Mumbai,Jaipur,7.4,95,0.7,22.880288,82.038821,01-08-2026 16:47,Active,76,Rail
C1529,Orange,Chennai,Kolkata,14,71,0.6,17.274271,87.837103,01-08-2026 16:48,Low Battery,40,Truck
C1530,Orange,Chennai,Kolkata,3.8,74,0.11,28.180086,75.544576,01-08-2026 16:49,Active,60,Truck
C1531,Avocado,Bengaluru,Kolkata,2.5,77,0.32,13.432258,86.678818,01-08-2026 16:50,Active,55,Rail
C1532,Avocado,Pune,Jaipur,9.4,91,1.39,23.052452,83.939079,01-08-2026 16:51,Active,90,Rail
C1533,Orange,Pune,Delhi,12.7,61,0.93,14.158062,84.058024,01-08-2026 16:52,Active,76,Truck
C1534,Apple,Mumbai,Delhi,6.5,82,0.68,25.790537,86.351477,01-08-2026 16:53,Active,54,Rail
C1535,Avocado,Bengaluru,Jaipur,6,57,0.55,19.580714,77.392722,01-08-2026 16:54,Active,84,Truck
C1536,Banana,Pune,Jaipur,14.6,93,0.91,9.846701,79.126939,01-08-2026 16:55,Active,90,Truck
C1537,Apple,Mumbai,Ahmedabad,3.1,91,1.14,19.237124,76.332207,01-08-2026 16:56,Active,65,Truck
C1538,Mango,Mumbai,Jaipur,8.3,67,0.78,21.371093,75.235638,01-08-2026 16:57,Active,79,Truck
C1539,Avocado,Pune,Ahmedabad,5.5,82,0.55,26.944831,73.478312,01-08-2026 16:58,Active,82,Rail
C1540,Apple,Mumbai,Ahmedabad,4.5,77,0.93,8.49624,77.029511,01-08-2026 16:59,Active,62,Truck
C1541,Banana,Chennai,Delhi,2.6,69,0.38,15.663326,84.502607,01-08-2026 17:00,Active,94,Truck
C1542,Mango,Chennai,Kolkata,14.3,64,1.32,24.812746,72.226599,01-08-2026 17:01,Active,84,Rail
C1543,Banana,Hyderabad,Lucknow,2.3,68,1.14,12.343444,81.016,01-08-2026 17:02,Active,88,Rail
C1544,Orange,Mumbai,Delhi,11.5,64,1.07,21.699342,78.21401,01-08-2026 17:03,Active,97,Rail
C1545,Mango,Chennai,Delhi,2.8,67,1.2,20.668278,72.875907,01-08-2026 17:04,Active,81,Rail
C1546,Apple,Pune,Jaipur,10.6,78,1.31,8.391106,86.312272,01-08-2026 17:05,Active,81,Rail
C1547,Orange,Bengaluru,Jaipur,14.7,61,1.37,17.935574,81.852256,01-08-2026 17:06,Low Battery,45,Rail
C1548,Orange,Pune,Jaipur,14,56,0.16,26.906537,77.031304,01-08-2026 17:07,Active,71,Truck
C1549,Apple,Hyderabad,Delhi,10.9,77,0.98,12.842198,88.14103,01-08-2026 17:08,Active,72,Rail
C1550,Banana,Pune,Jaipur,13.6,56,1.42,27.456887,75.722115,01-08-2026 17:09,Active,61,Truck
C1551,Banana,Bengaluru,Ahmedabad,8.8,94,1.32,22.073728,78.886,01-08-2026 17:10,Active,76,Rail
C1552,Orange,Bengaluru,Jaipur,6.3,89,0.28,21.375689,81.587007,01-08-2026 17:11,Active,83,Rail
C1553,Orange,Mumbai,Jaipur,13.8,82,1.49,28.003427,74.395015,01-08-2026 17:12,Active,99,Rail
C1554,Avocado,Hyderabad,Ahmedabad,9.2,62,0.36,25.210211,74.401127,01-08-2026 17:13,Low Battery,41,Rail
C1555,Apple,Bengaluru,Jaipur,7.8,95,1.41,13.612821,84.85528,01-08-2026 17:14,Low Battery,46,Truck
C1556,Orange,Chennai,Kolkata,10,93,0.89,12.733683,75.831012,01-08-2026 17:15,Active,83,Truck
C1557,Banana,Pune,Ahmedabad,3.7,93,0.76,21.316155,75.035612,01-08-2026 17:16,Active,64,Truck
C1558,Mango,Pune,Jaipur,4.5,57,0.67,27.860709,87.269679,01-08-2026 17:17,Active,100,Truck
C1559,Mango,Bengaluru,Ahmedabad,2.9,83,1.31,18.043829,77.360778,01-08-2026 17:18,Active,69,Rail
C1560,Avocado,Mumbai,Lucknow,9.9,79,1.11,16.08009,87.495796,01-08-2026 17:19,Active,76,Truck
C1561,Orange,Mumbai,Ahmedabad,3.4,84,1.26,8.869526,88.4313,01-08-2026 17:20,Active,73,Truck
C1562,Orange,Hyderabad,Kolkata,7,95,1.45,11.891932,79.252639,01-08-2026 17:21,Active,96,Rail
C1563,Mango,Pune,Delhi,7.5,94,1.39,22.144036,86.910648,01-08-2026 17:22,Active,69,Truck
C1564,Mango,Pune,Lucknow,12.1,89,0.29,16.477966,79.439617,01-08-2026 17:23,Active,51,Truck
C1565,Banana,Chennai,Delhi,3.2,75,1.07,26.59683,85.142023,01-08-2026 17:24,Active,85,Truck
C1566,Banana,Mumbai,Jaipur,10.2,60,0.83,15.873791,85.052599,01-08-2026 17:25,Active,72,Rail
C1567,Orange,Bengaluru,Jaipur,6.9,65,1.38,19.592577,82.882251,01-08-2026 17:26,Low Battery,49,Truck
C1568,Avocado,Chennai,Jaipur,7.5,74,1.12,27.699805,76.764879,01-08-2026 17:27,Active,51,Truck
C1569,Avocado,Chennai,Lucknow,10.1,71,0.12,18.201366,80.227597,01-08-2026 17:28,Active,91,Rail
C1570,Mango,Bengaluru,Lucknow,4.8,85,0.74,17.058445,81.920073,01-08-2026 17:29,Low Battery,40,Rail
C1571,Orange,Bengaluru,Delhi,10.2,68,0.17,11.039251,82.779068,01-08-2026 17:30,Low Battery,42,Rail
C1572,Apple,Mumbai,Lucknow,14,58,0.25,28.371571,74.662031,01-08-2026 17:31,Active,58,Truck
C1573,Banana,Pune,Delhi,11.7,78,1.4,9.909089,76.938359,01-08-2026 17:32,Active,63,Rail
C1574,Orange,Pune,Lucknow,2.8,85,0.29,22.239698,76.527906,01-08-2026 17:33,Active,73,Truck
C1575,Mango,Pune,Lucknow,10,61,0.9,28.076674,80.727619,01-08-2026 17:34,Low Battery,45,Rail
C1576,Banana,Bengaluru,Lucknow,9.9,75,0.46,19.790425,82.283528,01-08-2026 17:35,Active,99,Rail
C1577,Orange,Hyderabad,Jaipur,11.5,86,0.79,11.688098,82.055195,01-08-2026 17:36,Active,85,Truck
C1578,Avocado,Pune,Ahmedabad,2.3,95,1.22,23.118102,75.420959,01-08-2026 17:37,Active,79,Truck
C1579,Apple,Chennai,Kolkata,6.5,95,0.4,21.132675,83.385282,01-08-2026 17:38,Active,56,Rail
C1580,Orange,Mumbai,Delhi,9.1,55,0.26,14.832299,78.534814,01-08-2026 17:39,Active,76,Truck
C1581,Mango,Bengaluru,Ahmedabad,6.3,76,1.39,17.82172,79.829257,01-08-2026 17:40,Low Battery,42,Truck
C1582,Banana,Chennai,Lucknow,13.6,89,1.35,17.480637,85.433749,01-08-2026 17:41,Active,99,Rail
C1583,Orange,Hyderabad,Delhi,11.4,75,0.88,8.383728,81.527061,01-08-2026 17:42,Active,61,Truck
C1584,Apple,Mumbai,Ahmedabad,12.9,76,1.48,20.843472,85.899695,01-08-2026 17:43,Active,76,Truck
C1585,Orange,Chennai,Ahmedabad,3.5,74,1.09,14.447238,72.521866,01-08-2026 17:44,Active,66,Truck
C1586,Apple,Chennai,Jaipur,7.9,74,0.4,14.197525,73.851816,01-08-2026 17:45,Active,90,Truck
C1587,Banana,Mumbai,Kolkata,8.6,85,1.37,11.158594,77.611912,01-08-2026 17:46,Active,70,Rail
C1588,Mango,Bengaluru,Delhi,12,61,1.25,27.229489,83.165835,01-08-2026 17:47,Low Battery,48,Rail
C1589,Banana,Mumbai,Delhi,11.3,88,0.26,14.375117,72.726494,01-08-2026 17:48,Active,94,Rail
C1590,Banana,Hyderabad,Jaipur,13.6,61,0.83,21.509178,77.155933,01-08-2026 17:49,Active,76,Rail
C1591,Mango,Bengaluru,Jaipur,4.5,72,0.85,23.842135,83.073547,01-08-2026 17:50,Active,57,Rail
C1592,Avocado,Hyderabad,Kolkata,2.2,94,0.88,10.098694,80.951724,01-08-2026 17:51,Active,75,Truck
C1593,Apple,Chennai,Jaipur,9.5,65,0.2,20.571889,77.589192,01-08-2026 17:52,Active,68,Truck
C1594,Banana,Mumbai,Lucknow,13.7,58,0.25,9.102897,79.036685,01-08-2026 17:53,Active,51,Rail
C1595,Orange,Chennai,Ahmedabad,6.6,76,1.24,22.614423,83.069359,01-08-2026 17:54,Active,74,Truck
C1596,Avocado,Pune,Ahmedabad,12.6,84,0.24,14.36303,82.632907,01-08-2026 17:55,Active,89,Truck
C1597,Mango,Hyderabad,Kolkata,3.9,94,0.46,15.450712,75.025326,01-08-2026 17:56,Active,98,Rail
C1598,Banana,Hyderabad,Lucknow,2.4,85,0.26,17.812368,85.955143,01-08-2026 17:57,Active,58,Truck
C1599,Orange,Pune,Ahmedabad,3.3,61,0.56,21.313754,85.075111,01-08-2026 17:58,Active,74,Rail
C1600,Mango,Mumbai,Ahmedabad,10.1,90,0.32,17.88868,73.089989,01-08-2026 17:59,Active,53,Rail
C1601,Orange,Mumbai,Ahmedabad,12.2,89,1.07,11.548252,83.048486,01-08-2026 18:00,Active,87,Truck
C1602,Orange,Chennai,Lucknow,9.7,75,0.88,24.851473,74.906871,01-08-2026 18:01,Active,65,Truck
C1603,Orange,Bengaluru,Lucknow,12,79,0.56,21.222277,73.014457,01-08-2026 18:02,Active,53,Truck
C1604,Mango,Bengaluru,Kolkata,10.6,83,0.84,15.994645,81.535868,01-08-2026 18:03,Active,52,Rail
C1605,Orange,Hyderabad,Delhi,12.3,74,1.39,27.201868,83.843555,01-08-2026 18:04,Active,98,Truck
C1606,Orange,Mumbai,Delhi,14.8,80,1.29,25.476356,73.029774,01-08-2026 18:05,Active,97,Truck
C1607,Orange,Mumbai,Ahmedabad,12.7,77,0.25,13.78529,72.514548,01-08-2026 18:06,Active,67,Rail
C1608,Banana,Mumbai,Ahmedabad,7.3,82,0.86,21.580995,79.835378,01-08-2026 18:07,Active,52,Rail
C1609,Banana,Pune,Ahmedabad,4,63,0.29,9.470793,72.259179,01-08-2026 18:08,Active,86,Truck
C1610,Avocado,Pune,Lucknow,3.8,81,1.3,26.318441,83.473944,01-08-2026 18:09,Active,99,Truck
C1611,Banana,Mumbai,Delhi,8.6,90,1.25,15.886652,75.724725,01-08-2026 18:10,Active,67,Rail
C1612,Mango,Mumbai,Ahmedabad,11.3,72,0.68,19.196408,78.055005,01-08-2026 18:11,Low Battery,42,Rail
C1613,Avocado,Hyderabad,Ahmedabad,9.5,60,0.3,22.99151,88.229055,01-08-2026 18:12,Active,88,Truck
C1614,Orange,Chennai,Lucknow,13.6,60,0.44,20.928588,82.951659,01-08-2026 18:13,Active,82,Rail
C1615,Orange,Pune,Lucknow,2.7,76,0.85,8.22106,79.491574,01-08-2026 18:14,Active,97,Rail
C1616,Banana,Hyderabad,Lucknow,6.6,73,0.5,8.724188,87.227265,01-08-2026 18:15,Active,87,Rail
C1617,Avocado,Mumbai,Delhi,10.2,92,0.34,9.058208,88.34102,01-08-2026 18:16,Active,91,Rail
C1618,Banana,Hyderabad,Kolkata,3.1,87,0.21,24.067138,76.158841,01-08-2026 18:17,Active,79,Rail
C1619,Avocado,Hyderabad,Jaipur,11.6,93,0.34,20.131288,74.493738,01-08-2026 18:18,Active,68,Rail
C1620,Mango,Mumbai,Jaipur,8.3,88,1.31,15.028384,73.392624,01-08-2026 18:19,Low Battery,49,Rail
C1621,Banana,Hyderabad,Delhi,12,70,1.02,22.882981,74.760174,01-08-2026 18:20,Active,76,Rail
C1622,Avocado,Mumbai,Jaipur,2.7,84,0.66,14.178026,84.311484,01-08-2026 18:21,Active,88,Rail
C1623,Banana,Pune,Ahmedabad,8.2,64,0.84,16.912054,76.765072,01-08-2026 18:22,Active,91,Rail
C1624,Orange,Pune,Lucknow,10.9,57,0.24,18.891514,77.838164,01-08-2026 18:23,Active,94,Rail
C1625,Apple,Bengaluru,Lucknow,5.5,61,0.46,19.975625,79.608292,01-08-2026 18:24,Active,83,Truck
C1626,Orange,Chennai,Ahmedabad,6.4,66,0.54,8.216849,72.139857,01-08-2026 18:25,Low Battery,44,Truck
C1627,Orange,Chennai,Lucknow,3.4,83,0.59,22.867638,76.156286,01-08-2026 18:26,Low Battery,42,Truck
C1628,Avocado,Chennai,Lucknow,14.2,68,1.43,21.080699,83.683239,01-08-2026 18:27,Low Battery,47,Truck
C1629,Banana,Hyderabad,Kolkata,10.5,91,1.22,11.787757,73.828944,01-08-2026 18:28,Active,51,Rail
C1630,Avocado,Hyderabad,Kolkata,10.3,72,1.18,22.190541,83.015057,01-08-2026 18:29,Active,89,Truck
C1631,Avocado,Hyderabad,Jaipur,5.6,58,0.64,14.819422,72.990968,01-08-2026 18:30,Active,92,Rail
C1632,Avocado,Mumbai,Ahmedabad,8.4,67,0.95,11.658064,80.118945,01-08-2026 18:31,Low Battery,49,Truck
C1633,Orange,Hyderabad,Ahmedabad,10.4,83,1.1,10.117386,73.203172,01-08-2026 18:32,Active,76,Truck
C1634,Banana,Hyderabad,Ahmedabad,3.9,95,0.1,8.77563,78.442983,01-08-2026 18:33,Low Battery,49,Truck
C1635,Orange,Chennai,Lucknow,11.2,86,0.77,16.280211,84.008162,01-08-2026 18:34,Active,91,Truck
C1636,Avocado,Hyderabad,Ahmedabad,7,85,0.27,18.973734,88.361423,01-08-2026 18:35,Active,61,Truck
C1637,Avocado,Bengaluru,Jaipur,6.7,76,0.21,17.422607,84.647383,01-08-2026 18:36,Active,81,Truck
C1638,Banana,Pune,Delhi,10.6,74,1.07,26.377444,82.405181,01-08-2026 18:37,Active,62,Rail
C1639,Mango,Chennai,Lucknow,3.8,67,0.14,28.425863,75.935005,01-08-2026 18:38,Active,64,Rail
C1640,Banana,Chennai,Ahmedabad,8.9,83,1.45,8.336575,77.598204,01-08-2026 18:39,Active,61,Truck
C1641,Mango,Mumbai,Jaipur,12.5,88,0.74,21.900595,86.425214,01-08-2026 18:40,Low Battery,49,Truck
C1642,Avocado,Bengaluru,Jaipur,11.6,86,1.02,17.660003,87.147315,01-08-2026 18:41,Low Battery,42,Truck
C1643,Mango,Mumbai,Delhi,10.2,74,1.25,9.994491,82.085227,01-08-2026 18:42,Active,93,Truck
C1644,Avocado,Pune,Kolkata,8.5,94,0.41,24.491297,79.032489,01-08-2026 18:43,Active,91,Truck
C1645,Orange,Bengaluru,Kolkata,9.1,75,1.27,24.258584,84.60976,01-08-2026 18:44,Active,77,Truck
C1646,Avocado,Mumbai,Delhi,5.6,81,0.34,15.583511,74.722601,01-08-2026 18:45,Active,55,Truck
C1647,Avocado,Chennai,Delhi,12.3,95,0.96,23.942064,72.2579,01-08-2026 18:46,Active,71,Truck
C1648,Mango,Pune,Jaipur,14,92,1.34,16.532556,85.322295,01-08-2026 18:47,Active,89,Truck
C1649,Mango,Chennai,Lucknow,10.3,88,0.73,12.904702,74.880057,01-08-2026 18:48,Active,84,Truck
C1650,Banana,Mumbai,Jaipur,10,60,0.98,24.042952,77.739584,01-08-2026 18:49,Low Battery,40,Truck
C1651,Avocado,Bengaluru,Ahmedabad,14.8,61,0.97,25.685987,88.281905,01-08-2026 18:50,Active,72,Truck
C1652,Apple,Pune,Jaipur,2.7,62,1.22,22.047497,87.981468,01-08-2026 18:51,Active,70,Truck
C1653,Avocado,Pune,Delhi,2.7,78,0.5,16.910769,77.515861,01-08-2026 18:52,Active,91,Truck
C1654,Avocado,Bengaluru,Ahmedabad,14,66,0.32,8.595837,80.495911,01-08-2026 18:53,Low Battery,44,Rail
C1655,Banana,Pune,Jaipur,4.6,75,0.42,10.257724,75.758404,01-08-2026 18:54,Active,55,Rail
C1656,Mango,Mumbai,Ahmedabad,3,92,0.78,26.255021,74.391531,01-08-2026 18:55,Active,99,Truck
C1657,Banana,Hyderabad,Jaipur,6.9,84,1.11,20.956433,88.096672,01-08-2026 18:56,Active,52,Truck
C1658,Orange,Hyderabad,Jaipur,2.8,63,0.26,17.543453,78.900693,01-08-2026 18:57,Active,88,Rail
C1659,Orange,Bengaluru,Delhi,4,95,1.43,26.564351,81.539004,01-08-2026 18:58,Active,75,Rail
C1660,Orange,Pune,Jaipur,8.4,68,0.93,25.158275,76.606319,01-08-2026 18:59,Active,86,Truck
C1661,Apple,Chennai,Ahmedabad,7.6,69,1.35,20.131318,74.458,01-08-2026 19:00,Active,76,Truck
C1662,Avocado,Chennai,Ahmedabad,14.9,87,0.15,18.887995,79.907944,01-08-2026 19:01,Active,91,Rail
C1663,Mango,Hyderabad,Jaipur,3.1,55,1.07,16.335671,75.597107,01-08-2026 19:02,Active,62,Truck
C1664,Avocado,Chennai,Ahmedabad,8.2,74,0.33,17.415298,81.411283,01-08-2026 19:03,Active,77,Rail
C1665,Mango,Chennai,Delhi,13.4,80,0.36,25.866812,82.342381,01-08-2026 19:04,Active,85,Rail
C1666,Apple,Mumbai,Jaipur,8.9,73,0.7,13.530682,87.610576,01-08-2026 19:05,Active,74,Truck
C1667,Orange,Chennai,Ahmedabad,13.5,58,0.82,26.655084,78.005844,01-08-2026 19:06,Low Battery,43,Rail
C1668,Banana,Bengaluru,Jaipur,10,78,0.61,21.287539,83.630415,01-08-2026 19:07,Active,75,Rail
C1669,Mango,Bengaluru,Jaipur,9,85,1.13,23.421681,86.373668,01-08-2026 19:08,Active,84,Rail
C1670,Apple,Pune,Ahmedabad,13.7,87,1.05,13.681479,73.045591,01-08-2026 19:09,Active,62,Truck
C1671,Banana,Chennai,Jaipur,11.2,89,1.36,17.265557,78.074407,01-08-2026 19:10,Active,83,Rail
C1672,Avocado,Chennai,Jaipur,3,66,0.5,27.610852,73.804521,01-08-2026 19:11,Active,57,Rail
C1673,Mango,Mumbai,Jaipur,13.4,88,1.43,8.465151,78.872855,01-08-2026 19:12,Active,83,Rail
C1674,Apple,Mumbai,Kolkata,7.5,56,0.51,9.290465,86.384596,01-08-2026 19:13,Active,54,Rail
C1675,Orange,Pune,Ahmedabad,6.5,75,0.78,21.650035,80.747743,01-08-2026 19:14,Active,75,Rail
C1676,Orange,Chennai,Jaipur,3.7,74,0.34,13.330153,79.990011,01-08-2026 19:15,Active,58,Rail
C1677,Apple,Bengaluru,Jaipur,7.9,65,0.97,11.296193,80.832725,01-08-2026 19:16,Active,51,Truck
C1678,Mango,Mumbai,Delhi,3.5,75,0.9,17.038217,78.09959,01-08-2026 19:17,Active,53,Rail
C1679,Apple,Chennai,Ahmedabad,3.9,83,0.86,11.333251,76.975736,01-08-2026 19:18,Active,98,Rail
C1680,Mango,Hyderabad,Kolkata,14.3,75,0.32,27.888078,81.011402,01-08-2026 19:19,Active,72,Rail
C1681,Apple,Pune,Kolkata,14.6,91,1.03,24.391312,84.020972,01-08-2026 19:20,Active,99,Truck
C1682,Banana,Bengaluru,Ahmedabad,13.7,63,1.05,10.39596,72.409127,01-08-2026 19:21,Active,79,Rail
C1683,Avocado,Hyderabad,Jaipur,6.2,93,1,19.960345,75.665374,01-08-2026 19:22,Active,99,Truck
C1684,Avocado,Bengaluru,Ahmedabad,9,83,1.05,27.631286,88.101352,01-08-2026 19:23,Active,65,Rail
C1685,Orange,Pune,Kolkata,9.9,58,1.37,15.40183,74.441108,01-08-2026 19:24,Active,94,Rail
C1686,Apple,Bengaluru,Ahmedabad,2.2,77,0.59,28.039234,86.425979,01-08-2026 19:25,Low Battery,45,Rail
C1687,Banana,Chennai,Jaipur,5.8,82,1.12,16.490973,85.78594,01-08-2026 19:26,Active,78,Truck
C1688,Apple,Pune,Delhi,8.2,88,1.48,9.355374,87.841572,01-08-2026 19:27,Active,88,Truck
C1689,Banana,Bengaluru,Jaipur,10.3,72,0.68,19.394184,83.719076,01-08-2026 19:28,Active,88,Truck
C1690,Banana,Pune,Lucknow,5.8,86,0.16,24.93809,85.770656,01-08-2026 19:29,Active,59,Rail
C1691,Mango,Pune,Delhi,2.3,55,0.32,14.153473,82.569161,01-08-2026 19:30,Active,80,Rail
C1692,Banana,Mumbai,Kolkata,4.3,70,0.14,23.676726,80.135329,01-08-2026 19:31,Low Battery,44,Rail
C1693,Orange,Hyderabad,Lucknow,7.7,71,0.98,17.758835,83.455044,01-08-2026 19:32,Low Battery,47,Truck
C1694,Apple,Bengaluru,Delhi,4.1,58,0.3,17.451401,83.43917,01-08-2026 19:33,Active,62,Rail
C1695,Apple,Mumbai,Jaipur,7.5,77,0.17,13.979114,82.542618,01-08-2026 19:34,Low Battery,44,Truck
C1696,Avocado,Hyderabad,Kolkata,9.8,65,0.86,25.885084,85.642563,01-08-2026 19:35,Active,83,Rail
C1697,Avocado,Pune,Ahmedabad,8.9,77,1.25,8.264402,80.549817,01-08-2026 19:36,Active,63,Rail
C1698,Mango,Mumbai,Lucknow,3.3,64,0.8,25.047258,85.119261,01-08-2026 19:37,Active,75,Truck
C1699,Banana,Hyderabad,Kolkata,8,59,0.26,10.690259,72.28676,01-08-2026 19:38,Active,62,Truck
C1700,Banana,Chennai,Delhi,13.6,93,0.83,27.887285,74.841418,01-08-2026 19:39,Active,59,Truck
C1701,Mango,Pune,Delhi,13.1,64,1.06,14.302281,75.462377,01-08-2026 19:40,Low Battery,45,Truck
C1702,Avocado,Mumbai,Delhi,12.1,82,0.16,10.210256,85.08541,01-08-2026 19:41,Active,72,Rail
C1703,Avocado,Chennai,Lucknow,13.8,57,0.19,21.685522,84.450079,01-08-2026 19:42,Active,90,Truck
C1704,Orange,Hyderabad,Lucknow,13.7,66,1.04,8.599812,74.40169,01-08-2026 19:43,Active,87,Rail
C1705,Apple,Chennai,Lucknow,4.1,87,1.19,20.565607,80.331002,01-08-2026 19:44,Low Battery,44,Truck
C1706,Orange,Chennai,Jaipur,4.8,67,1.45,11.521356,84.441295,01-08-2026 19:45,Low Battery,40,Rail
C1707,Apple,Pune,Ahmedabad,11.1,66,0.72,27.633829,74.984001,01-08-2026 19:46,Active,62,Truck
C1708,Orange,Bengaluru,Ahmedabad,5,62,1.17,14.442746,79.687378,01-08-2026 19:47,Active,73,Rail
C1709,Apple,Mumbai,Kolkata,9.2,57,0.22,18.121112,78.348888,01-08-2026 19:48,Active,69,Rail
C1710,Mango,Pune,Kolkata,9.2,73,1.48,16.773214,86.136767,01-08-2026 19:49,Active,97,Truck
C1711,Avocado,Chennai,Delhi,15,86,1.04,16.12558,80.623929,01-08-2026 19:50,Active,83,Truck
C1712,Banana,Chennai,Kolkata,7.2,92,1.47,23.199359,86.725056,01-08-2026 19:51,Low Battery,50,Truck
C1713,Apple,Mumbai,Lucknow,4.6,80,0.27,25.181237,83.965808,01-08-2026 19:52,Active,57,Rail
C1714,Banana,Pune,Delhi,6.6,93,1.43,28.244226,80.438339,01-08-2026 19:53,Low Battery,49,Truck
C1715,Apple,Chennai,Ahmedabad,8.4,69,0.98,10.759472,73.643456,01-08-2026 19:54,Low Battery,43,Truck
C1716,Mango,Mumbai,Ahmedabad,7,75,0.31,20.750319,73.589505,01-08-2026 19:55,Low Battery,44,Rail
C1717,Mango,Mumbai,Lucknow,5.8,86,0.79,13.364138,77.669658,01-08-2026 19:56,Active,95,Truck
C1718,Avocado,Chennai,Delhi,14.9,62,0.64,14.448464,78.209553,01-08-2026 19:57,Active,69,Truck
C1719,Orange,Pune,Ahmedabad,10.6,74,1.34,11.364957,79.106238,01-08-2026 19:58,Active,59,Truck
C1720,Orange,Bengaluru,Lucknow,10.8,90,1.06,19.73031,79.852532,01-08-2026 19:59,Active,94,Truck
C1721,Banana,Hyderabad,Delhi,5.4,92,1.46,20.647263,77.820602,01-08-2026 20:00,Active,58,Truck
C1722,Orange,Hyderabad,Ahmedabad,2.6,78,0.59,23.212171,72.443847,01-08-2026 20:01,Active,97,Truck
C1723,Banana,Hyderabad,Lucknow,6.5,77,0.68,9.15721,76.029777,01-08-2026 20:02,Active,55,Truck
C1724,Avocado,Pune,Lucknow,13.3,62,0.57,8.404096,77.380928,01-08-2026 20:03,Active,69,Rail
C1725,Apple,Hyderabad,Lucknow,2.3,85,0.92,28.208178,78.23267,01-08-2026 20:04,Active,64,Truck
C1726,Banana,Bengaluru,Lucknow,3.3,68,0.57,18.306755,84.620914,01-08-2026 20:05,Active,61,Rail
C1727,Apple,Mumbai,Jaipur,14.6,67,0.8,25.370349,84.987969,01-08-2026 20:06,Active,93,Rail
C1728,Apple,Mumbai,Delhi,2.6,91,0.66,12.630663,84.257652,01-08-2026 20:07,Low Battery,45,Rail
C1729,Apple,Hyderabad,Lucknow,2.9,88,0.77,12.299653,85.128254,01-08-2026 20:08,Active,81,Rail
C1730,Banana,Mumbai,Jaipur,10.6,75,0.38,16.24717,82.311904,01-08-2026 20:09,Active,69,Truck
C1731,Orange,Pune,Kolkata,13.2,91,0.8,21.546527,85.594482,01-08-2026 20:10,Active,100,Rail
C1732,Orange,Hyderabad,Ahmedabad,11.4,58,0.83,15.467631,74.437771,01-08-2026 20:11,Low Battery,49,Rail
C1733,Apple,Bengaluru,Kolkata,13.2,59,0.99,25.342323,76.404424,01-08-2026 20:12,Active,58,Truck
C1734,Banana,Pune,Lucknow,5.1,64,0.37,13.034526,85.649276,01-08-2026 20:13,Active,69,Rail
C1735,Banana,Hyderabad,Lucknow,10.4,57,0.38,13.590595,72.480841,01-08-2026 20:14,Active,90,Truck
C1736,Avocado,Mumbai,Kolkata,14.5,86,1.2,9.134209,86.79234,01-08-2026 20:15,Active,60,Truck
C1737,Banana,Chennai,Lucknow,13.7,60,0.66,25.216115,85.905379,01-08-2026 20:16,Active,55,Truck
C1738,Orange,Chennai,Jaipur,10.6,92,1.43,27.09689,76.154833,01-08-2026 20:17,Active,96,Truck
C1739,Apple,Pune,Jaipur,6.3,92,1.13,24.519753,84.275323,01-08-2026 20:18,Active,99,Truck
C1740,Avocado,Mumbai,Kolkata,4.3,72,0.72,13.213271,81.726436,01-08-2026 20:19,Active,71,Truck
C1741,Apple,Bengaluru,Kolkata,9.1,85,1.06,27.747964,86.510653,01-08-2026 20:20,Active,99,Rail
C1742,Apple,Chennai,Jaipur,12.7,56,1,26.557203,72.574356,01-08-2026 20:21,Active,87,Rail
C1743,Orange,Mumbai,Jaipur,7,95,1.44,15.43853,85.40213,01-08-2026 20:22,Low Battery,47,Rail
C1744,Banana,Bengaluru,Kolkata,2.1,80,1.4,26.817497,76.964655,01-08-2026 20:23,Active,99,Truck
C1745,Mango,Chennai,Kolkata,13.9,95,0.54,24.651079,82.633087,01-08-2026 20:24,Active,90,Truck
C1746,Banana,Chennai,Jaipur,8.1,81,1.4,14.820805,78.969039,01-08-2026 20:25,Active,98,Rail
C1747,Orange,Chennai,Delhi,2.9,81,0.94,24.675275,84.173461,01-08-2026 20:26,Active,69,Truck
C1748,Banana,Chennai,Delhi,12.3,63,0.1,12.101544,77.041534,01-08-2026 20:27,Active,76,Truck
C1749,Mango,Pune,Ahmedabad,8.7,63,1.29,22.057944,85.078598,01-08-2026 20:28,Active,60,Truck
C1750,Apple,Hyderabad,Jaipur,4.3,92,1.26,24.390338,75.277951,01-08-2026 20:29,Active,66,Rail
C1751,Banana,Mumbai,Jaipur,14.3,91,0.41,27.436239,87.231354,01-08-2026 20:30,Active,81,Truck
C1752,Banana,Chennai,Kolkata,4.6,65,0.17,20.669083,81.90648,01-08-2026 20:31,Low Battery,49,Truck
C1753,Orange,Pune,Delhi,3.5,88,0.71,26.859776,79.48618,01-08-2026 20:32,Active,83,Truck
C1754,Mango,Bengaluru,Lucknow,4.5,72,0.5,18.130447,74.148289,01-08-2026 20:33,Active,94,Truck
C1755,Apple,Hyderabad,Jaipur,11.4,67,0.69,16.374744,74.408057,01-08-2026 20:34,Active,58,Rail
C1756,Mango,Pune,Jaipur,6.8,84,0.22,17.612073,86.378817,01-08-2026 20:35,Active,84,Rail
C1757,Banana,Bengaluru,Ahmedabad,11.6,71,0.2,19.418499,72.859858,01-08-2026 20:36,Active,99,Rail
C1758,Orange,Mumbai,Ahmedabad,14.2,93,1.09,24.601985,72.088456,01-08-2026 20:37,Active,72,Rail
C1759,Banana,Bengaluru,Lucknow,10.7,63,1.46,19.470988,81.578034,01-08-2026 20:38,Active,56,Rail
C1760,Apple,Chennai,Kolkata,13.4,63,0.23,22.560239,79.143339,01-08-2026 20:39,Active,56,Truck
C1761,Mango,Hyderabad,Lucknow,8.5,72,1.15,26.987859,76.668271,01-08-2026 20:40,Active,96,Rail
C1762,Orange,Mumbai,Ahmedabad,6.1,65,0.54,28.388584,84.600644,01-08-2026 20:41,Low Battery,49,Truck
C1763,Mango,Pune,Delhi,3.9,69,0.36,17.640074,74.698657,01-08-2026 20:42,Active,69,Rail
C1764,Avocado,Bengaluru,Delhi,7.7,90,0.78,18.106265,85.956333,01-08-2026 20:43,Active,95,Rail
C1765,Avocado,Mumbai,Lucknow,4.6,73,0.35,11.450048,80.394173,01-08-2026 20:44,Active,57,Truck
C1766,Orange,Bengaluru,Ahmedabad,15,55,0.84,19.70115,78.870913,01-08-2026 20:45,Low Battery,44,Truck
C1767,Apple,Hyderabad,Jaipur,2.3,62,0.65,20.101939,87.695128,01-08-2026 20:46,Active,93,Truck
C1768,Avocado,Hyderabad,Delhi,8,85,0.74,27.581631,81.80437,01-08-2026 20:47,Low Battery,40,Rail
C1769,Apple,Hyderabad,Delhi,14.3,91,0.28,25.697216,85.225706,01-08-2026 20:48,Active,58,Truck
C1770,Orange,Pune,Delhi,14.4,79,0.23,13.23086,75.961322,01-08-2026 20:49,Active,89,Truck
C1771,Mango,Hyderabad,Ahmedabad,4.1,80,0.5,23.427451,82.792061,01-08-2026 20:50,Low Battery,47,Rail
C1772,Apple,Bengaluru,Ahmedabad,13.7,93,0.28,21.643166,85.728872,01-08-2026 20:51,Active,72,Rail
C1773,Banana,Mumbai,Jaipur,8.2,91,0.94,9.849558,78.97185,01-08-2026 20:52,Active,63,Rail
C1774,Banana,Bengaluru,Ahmedabad,3.2,87,0.58,17.50226,75.699799,01-08-2026 20:53,Active,83,Truck
C1775,Apple,Hyderabad,Jaipur,8.1,60,1.37,17.791033,74.452008,01-08-2026 20:54,Low Battery,48,Rail
C1776,Apple,Pune,Delhi,9.4,90,0.21,8.924446,73.775931,01-08-2026 20:55,Active,67,Rail
C1777,Orange,Pune,Jaipur,12.6,77,0.46,9.676276,80.306835,01-08-2026 20:56,Low Battery,47,Truck
C1778,Banana,Pune,Lucknow,2.6,81,1.33,14.101774,81.688938,01-08-2026 20:57,Active,69,Rail
C1779,Apple,Chennai,Ahmedabad,14.6,66,0.4,9.603521,88.206072,01-08-2026 20:58,Active,56,Truck
C1780,Avocado,Mumbai,Ahmedabad,7.1,55,0.34,17.780957,83.414803,01-08-2026 20:59,Active,95,Rail
C1781,Orange,Hyderabad,Delhi,12.6,94,0.61,21.812964,83.38984,01-08-2026 21:00,Active,65,Truck
C1782,Mango,Bengaluru,Ahmedabad,2.2,62,1.24,22.268665,75.105648,01-08-2026 21:01,Low Battery,41,Truck
C1783,Mango,Pune,Jaipur,7.7,95,1.3,19.040942,73.420544,01-08-2026 21:02,Active,89,Rail
C1784,Banana,Pune,Delhi,2.3,65,1.36,23.145014,79.346888,01-08-2026 21:03,Active,71,Rail
C1785,Orange,Chennai,Ahmedabad,5.2,73,0.9,25.09369,72.840216,01-08-2026 21:04,Low Battery,40,Rail
C1786,Banana,Pune,Lucknow,11.6,93,1.12,28.480041,72.610784,01-08-2026 21:05,Active,65,Rail
C1787,Mango,Pune,Ahmedabad,11.3,88,0.13,19.816269,81.128719,01-08-2026 21:06,Active,57,Truck
C1788,Banana,Bengaluru,Ahmedabad,10.1,77,0.73,16.942715,74.662002,01-08-2026 21:07,Active,86,Rail
C1789,Banana,Pune,Jaipur,5,69,0.92,22.041969,87.208637,01-08-2026 21:08,Active,94,Rail
C1790,Banana,Bengaluru,Kolkata,14.5,78,1.21,24.394979,85.934766,01-08-2026 21:09,Active,79,Truck
C1791,Banana,Pune,Kolkata,3.7,67,0.32,18.089808,85.092461,01-08-2026 21:10,Active,100,Truck
C1792,Mango,Mumbai,Delhi,9.2,56,0.6,13.346564,83.16931,01-08-2026 21:11,Active,51,Truck
C1793,Apple,Hyderabad,Delhi,7.6,94,0.42,19.52062,80.025027,01-08-2026 21:12,Active,61,Rail
C1794,Mango,Pune,Ahmedabad,13.1,87,0.95,10.134911,72.831964,01-08-2026 21:13,Active,100,Truck
C1795,Avocado,Mumbai,Delhi,12.2,94,1.2,27.421362,85.589569,01-08-2026 21:14,Low Battery,42,Truck
C1796,Avocado,Pune,Delhi,13.3,78,0.32,13.988521,79.285046,01-08-2026 21:15,Active,72,Truck
C1797,Apple,Chennai,Jaipur,6.3,63,0.27,12.138752,87.999005,01-08-2026 21:16,Active,89,Rail
C1798,Apple,Bengaluru,Jaipur,5.7,65,0.22,15.634945,84.454946,01-08-2026 21:17,Active,63,Rail
C1799,Mango,Mumbai,Kolkata,3.8,82,0.68,16.390841,79.569426,01-08-2026 21:18,Active,94,Truck
C1800,Banana,Hyderabad,Ahmedabad,3.9,55,1.1,18.605648,73.14809,01-08-2026 21:19,Active,61,Truck
C1801,Banana,Mumbai,Kolkata,2.8,57,1.02,21.150048,86.891434,01-08-2026 21:20,Low Battery,43,Rail
C1802,Banana,Chennai,Kolkata,13.5,90,1.32,22.791796,77.175971,01-08-2026 21:21,Active,62,Truck
C1803,Banana,Hyderabad,Ahmedabad,7.8,68,1.34,20.799373,82.200093,01-08-2026 21:22,Active,68,Truck
C1804,Apple,Mumbai,Lucknow,3.1,89,0.57,22.864523,84.210862,01-08-2026 21:23,Low Battery,48,Rail
C1805,Mango,Chennai,Lucknow,3.2,90,0.54,14.984532,82.488811,01-08-2026 21:24,Low Battery,41,Rail
C1806,Mango,Hyderabad,Kolkata,12.8,74,1.12,28.232571,73.822291,01-08-2026 21:25,Low Battery,43,Rail
C1807,Avocado,Bengaluru,Lucknow,2.6,62,0.73,19.734923,72.086021,01-08-2026 21:26,Active,61,Truck
C1808,Apple,Chennai,Kolkata,5.9,91,1.04,22.644195,80.5745,01-08-2026 21:27,Active,55,Truck
C1809,Apple,Pune,Jaipur,7.9,64,1.1,24.982971,73.352128,01-08-2026 21:28,Low Battery,43,Rail
C1810,Mango,Pune,Kolkata,7.8,78,1.05,16.256451,81.222979,01-08-2026 21:29,Active,89,Rail
C1811,Banana,Bengaluru,Ahmedabad,15,86,1.12,16.546908,74.686906,01-08-2026 21:30,Active,72,Rail
C1812,Mango,Chennai,Jaipur,14.6,87,1.31,10.420192,75.508602,01-08-2026 21:31,Active,70,Rail
C1813,Avocado,Bengaluru,Delhi,9.8,81,0.25,15.576512,76.778244,01-08-2026 21:32,Active,73,Rail
C1814,Apple,Mumbai,Ahmedabad,14.9,74,0.51,8.573545,74.357345,01-08-2026 21:33,Active,90,Truck
C1815,Apple,Hyderabad,Delhi,13.6,68,0.36,23.163037,72.034415,01-08-2026 21:34,Active,75,Truck
C1816,Banana,Mumbai,Jaipur,8.3,74,0.89,26.455889,84.892264,01-08-2026 21:35,Active,70,Truck
C1817,Orange,Mumbai,Lucknow,10.3,83,1.03,11.054143,84.009759,01-08-2026 21:36,Low Battery,45,Rail
C1818,Banana,Hyderabad,Delhi,5,80,0.57,8.939304,83.062323,01-08-2026 21:37,Active,68,Truck
C1819,Avocado,Mumbai,Lucknow,9.4,74,0.89,10.537523,81.229322,01-08-2026 21:38,Active,52,Truck
C1820,Orange,Bengaluru,Delhi,8.8,85,0.8,8.382613,82.861198,01-08-2026 21:39,Active,74,Rail
C1821,Mango,Mumbai,Delhi,5.2,92,0.72,24.541881,82.013105,01-08-2026 21:40,Active,65,Rail
C1822,Avocado,Chennai,Delhi,6.4,66,0.68,25.622792,77.23681,01-08-2026 21:41,Active,56,Truck
C1823,Orange,Pune,Jaipur,4.2,64,0.36,23.750246,74.544752,01-08-2026 21:42,Active,100,Truck
C1824,Orange,Bengaluru,Ahmedabad,14.5,66,0.14,9.199287,78.434005,01-08-2026 21:43,Active,60,Rail
C1825,Apple,Pune,Lucknow,6.9,62,0.17,12.912271,81.850576,01-08-2026 21:44,Active,55,Rail
C1826,Avocado,Bengaluru,Delhi,5.5,75,0.75,16.345068,79.98883,01-08-2026 21:45,Active,66,Rail
C1827,Orange,Mumbai,Ahmedabad,14.5,61,0.44,19.371503,84.956034,01-08-2026 21:46,Active,59,Rail
C1828,Avocado,Bengaluru,Lucknow,13,87,0.38,27.842186,78.159536,01-08-2026 21:47,Low Battery,50,Rail
C1829,Orange,Bengaluru,Delhi,7.9,55,1.24,27.702846,82.242044,01-08-2026 21:48,Active,81,Truck
C1830,Banana,Bengaluru,Lucknow,5.6,71,1.28,15.793147,77.798396,01-08-2026 21:49,Active,80,Rail
C1831,Avocado,Bengaluru,Lucknow,4.1,89,0.89,14.163086,78.522531,01-08-2026 21:50,Low Battery,47,Rail
C1832,Banana,Hyderabad,Ahmedabad,4.7,87,1.44,14.525231,83.254666,01-08-2026 21:51,Active,61,Rail
C1833,Mango,Bengaluru,Delhi,10.6,75,0.58,17.425887,81.891976,01-08-2026 21:52,Low Battery,41,Rail
C1834,Avocado,Pune,Lucknow,13.7,66,0.68,26.352998,83.604445,01-08-2026 21:53,Active,88,Truck
C1835,Avocado,Mumbai,Kolkata,9,83,1.04,15.236392,85.410891,01-08-2026 21:54,Active,92,Rail
C1836,Mango,Bengaluru,Delhi,12.9,55,0.27,15.594853,75.184349,01-08-2026 21:55,Low Battery,40,Rail
C1837,Apple,Hyderabad,Delhi,4.5,94,0.98,24.572497,75.648937,01-08-2026 21:56,Active,71,Rail
C1838,Banana,Chennai,Kolkata,13.8,93,0.39,12.019779,85.548537,01-08-2026 21:57,Active,65,Rail
C1839,Mango,Bengaluru,Delhi,9.2,91,1.04,20.360937,74.896226,01-08-2026 21:58,Active,77,Truck
C1840,Apple,Chennai,Lucknow,14.1,69,1.33,22.942427,76.526412,01-08-2026 21:59,Active,94,Rail
C1841,Orange,Hyderabad,Ahmedabad,13.5,55,1.41,21.139809,87.560725,01-08-2026 22:00,Low Battery,43,Rail
C1842,Apple,Bengaluru,Delhi,3.6,88,0.75,15.410173,84.523858,01-08-2026 22:01,Active,96,Rail
C1843,Banana,Chennai,Jaipur,8.9,75,0.11,11.989467,73.349847,01-08-2026 22:02,Active,76,Rail
C1844,Avocado,Chennai,Ahmedabad,13.9,67,0.33,14.37152,82.328912,01-08-2026 22:03,Low Battery,46,Rail
C1845,Avocado,Bengaluru,Kolkata,9.7,95,1.41,25.230405,76.078034,01-08-2026 22:04,Active,70,Truck
C1846,Apple,Chennai,Ahmedabad,8.8,70,1.42,23.902864,82.222848,01-08-2026 22:05,Active,88,Truck
C1847,Avocado,Bengaluru,Delhi,14.7,57,0.63,26.246717,83.440501,01-08-2026 22:06,Active,90,Rail
C1848,Avocado,Hyderabad,Ahmedabad,5.9,95,0.7,10.087465,72.920534,01-08-2026 22:07,Low Battery,43,Rail
C1849,Avocado,Pune,Ahmedabad,10,81,0.43,20.291305,82.885447,01-08-2026 22:08,Low Battery,40,Rail
C1850,Banana,Pune,Lucknow,13.4,94,0.24,21.343889,83.150306,01-08-2026 22:09,Low Battery,41,Rail
C1851,Orange,Bengaluru,Lucknow,4.5,61,0.12,22.622638,81.782627,01-08-2026 22:10,Active,93,Truck
C1852,Orange,Chennai,Delhi,5.3,81,0.77,20.727443,75.067736,01-08-2026 22:11,Low Battery,48,Truck
C1853,Apple,Mumbai,Jaipur,9.6,87,1.44,23.46466,77.134606,01-08-2026 22:12,Active,96,Truck
C1854,Banana,Bengaluru,Delhi,6,76,0.51,27.890557,80.54173,01-08-2026 22:13,Active,82,Truck
C1855,Orange,Bengaluru,Delhi,12.6,90,1.3,16.652253,75.224218,01-08-2026 22:14,Active,52,Rail
C1856,Mango,Mumbai,Kolkata,10.7,84,0.94,14.788481,81.543777,01-08-2026 22:15,Active,61,Rail
C1857,Apple,Chennai,Jaipur,4.1,84,1.33,26.666132,80.182856,01-08-2026 22:16,Active,98,Truck
C1858,Banana,Pune,Jaipur,10.1,70,0.77,23.751142,85.441769,01-08-2026 22:17,Active,91,Rail
C1859,Mango,Bengaluru,Kolkata,12.7,55,0.61,9.511489,72.49529,01-08-2026 22:18,Low Battery,47,Rail
C1860,Mango,Bengaluru,Kolkata,10.2,78,0.16,8.608554,75.264112,01-08-2026 22:19,Active,51,Truck
C1861,Apple,Chennai,Delhi,13,70,0.35,8.440587,85.907543,01-08-2026 22:20,Active,98,Truck
C1862,Banana,Hyderabad,Jaipur,10.5,62,0.57,12.309866,79.527361,01-08-2026 22:21,Active,63,Rail
C1863,Avocado,Hyderabad,Lucknow,3.5,63,1.21,11.929466,78.240226,01-08-2026 22:22,Active,63,Rail
C1864,Mango,Hyderabad,Jaipur,14,94,0.92,25.515926,76.854015,01-08-2026 22:23,Low Battery,49,Truck
C1865,Apple,Pune,Lucknow,13.3,87,1.46,26.159603,75.45242,01-08-2026 22:24,Low Battery,45,Truck
C1866,Mango,Hyderabad,Lucknow,8.6,87,0.62,18.637294,74.953476,01-08-2026 22:25,Active,85,Rail
C1867,Banana,Bengaluru,Jaipur,8.2,92,0.66,26.884297,81.635713,01-08-2026 22:26,Low Battery,42,Truck
C1868,Banana,Hyderabad,Kolkata,13.2,80,0.41,16.712969,78.221869,01-08-2026 22:27,Low Battery,50,Truck
C1869,Mango,Mumbai,Lucknow,11.8,73,0.72,15.207287,81.635377,01-08-2026 22:28,Active,69,Rail
C1870,Banana,Chennai,Jaipur,7.9,82,0.67,24.492342,77.230837,01-08-2026 22:29,Active,64,Rail
C1871,Mango,Mumbai,Delhi,5.5,59,0.6,9.689579,85.902956,01-08-2026 22:30,Active,72,Rail
C1872,Mango,Hyderabad,Kolkata,3.3,59,0.6,19.193534,77.507004,01-08-2026 22:31,Active,83,Rail
C1873,Apple,Mumbai,Kolkata,4.5,93,1.5,28.467305,84.414325,01-08-2026 22:32,Active,87,Truck
C1874,Apple,Chennai,Ahmedabad,5.7,77,1.2,16.278128,78.695015,01-08-2026 22:33,Active,77,Truck
C1875,Banana,Pune,Ahmedabad,5,68,0.76,18.57442,84.968582,01-08-2026 22:34,Active,88,Rail
C1876,Avocado,Pune,Lucknow,6.1,67,0.7,27.30956,78.89185,01-08-2026 22:35,Active,68,Truck
C1877,Apple,Hyderabad,Kolkata,3.8,63,0.53,23.125004,80.246703,01-08-2026 22:36,Active,82,Truck
C1878,Banana,Chennai,Lucknow,7.5,80,1.17,22.155631,76.944014,01-08-2026 22:37,Active,77,Truck
C1879,Mango,Pune,Ahmedabad,4,76,0.9,24.382488,87.076911,01-08-2026 22:38,Active,76,Truck
C1880,Banana,Hyderabad,Delhi,2.8,79,0.36,10.227086,81.396998,01-08-2026 22:39,Active,68,Truck
C1881,Avocado,Bengaluru,Delhi,10.8,66,0.14,22.125003,80.06212,01-08-2026 22:40,Active,51,Rail
C1882,Apple,Chennai,Jaipur,4.7,73,1.02,9.434578,72.947977,01-08-2026 22:41,Active,73,Rail
C1883,Banana,Bengaluru,Jaipur,7.1,62,0.28,16.577471,84.261855,01-08-2026 22:42,Active,64,Truck
C1884,Apple,Mumbai,Ahmedabad,7.6,85,0.32,19.789373,77.120177,01-08-2026 22:43,Active,52,Rail
C1885,Mango,Mumbai,Kolkata,2.1,64,0.72,24.903944,81.980002,01-08-2026 22:44,Active,55,Rail
C1886,Banana,Hyderabad,Kolkata,8,57,1.13,13.902192,86.536402,01-08-2026 22:45,Active,69,Rail
C1887,Orange,Pune,Ahmedabad,12.7,66,0.68,11.681351,82.192653,01-08-2026 22:46,Active,67,Truck
C1888,Orange,Mumbai,Kolkata,3.2,57,0.44,25.846062,76.517309,01-08-2026 22:47,Active,80,Truck
C1889,Mango,Chennai,Lucknow,13.8,81,1.49,19.33289,88.42272,01-08-2026 22:48,Low Battery,44,Rail
C1890,Banana,Pune,Ahmedabad,7.9,71,0.39,8.915021,72.440845,01-08-2026 22:49,Active,80,Rail
C1891,Banana,Hyderabad,Ahmedabad,13.1,80,0.15,13.137418,83.700143,01-08-2026 22:50,Low Battery,48,Rail
C1892,Banana,Hyderabad,Jaipur,2.9,90,1.02,22.628422,79.22244,01-08-2026 22:51,Active,70,Truck
C1893,Avocado,Chennai,Kolkata,9.9,66,0.51,18.960404,78.449017,01-08-2026 22:52,Low Battery,44,Truck
C1894,Banana,Chennai,Lucknow,6.7,68,1.1,26.300098,80.78293,01-08-2026 22:53,Active,68,Truck
C1895,Banana,Bengaluru,Jaipur,11,83,0.17,8.095648,84.74476,01-08-2026 22:54,Active,89,Rail
C1896,Mango,Chennai,Jaipur,4.6,56,0.69,28.280458,77.562425,01-08-2026 22:55,Active,52,Truck
C1897,Mango,Bengaluru,Lucknow,11.4,57,0.68,10.207518,77.397834,01-08-2026 22:56,Active,75,Truck
C1898,Orange,Chennai,Ahmedabad,7.1,82,0.27,12.38249,77.883509,01-08-2026 22:57,Active,51,Rail
C1899,Avocado,Hyderabad,Delhi,7.1,84,0.41,21.488215,76.594551,01-08-2026 22:58,Active,79,Truck
C1900,Mango,Mumbai,Jaipur,7.3,93,0.8,28.304723,83.756763,01-08-2026 22:59,Active,90,Rail
C1901,Avocado,Bengaluru,Kolkata,9.8,95,1.07,21.896961,88.044053,01-08-2026 23:00,Active,84,Truck
C1902,Apple,Pune,Lucknow,14.7,85,0.19,8.3618,87.049704,01-08-2026 23:01,Active,68,Truck
C1903,Orange,Bengaluru,Ahmedabad,9.6,55,0.43,20.635148,86.796861,01-08-2026 23:02,Active,59,Truck
C1904,Orange,Chennai,Jaipur,3,63,0.62,14.080602,74.502565,01-08-2026 23:03,Active,53,Rail
C1905,Apple,Hyderabad,Delhi,3.7,75,1,23.590125,80.594402,01-08-2026 23:04,Active,66,Truck
C1906,Apple,Bengaluru,Lucknow,6.5,68,0.86,26.585957,82.972599,01-08-2026 23:05,Active,55,Rail
C1907,Orange,Chennai,Jaipur,6.2,83,0.98,9.324646,80.112098,01-08-2026 23:06,Active,52,Truck
C1908,Mango,Chennai,Ahmedabad,3.2,92,0.87,24.302278,75.37216,01-08-2026 23:07,Active,72,Rail
C1909,Apple,Mumbai,Ahmedabad,4.1,67,0.44,11.616928,76.107996,01-08-2026 23:08,Active,58,Truck
C1910,Apple,Pune,Ahmedabad,13.2,85,0.21,27.937382,78.571034,01-08-2026 23:09,Low Battery,50,Rail
C1911,Orange,Pune,Ahmedabad,9.9,82,1.16,24.801878,85.093717,01-08-2026 23:10,Low Battery,41,Truck
C1912,Apple,Pune,Kolkata,9.7,64,0.87,11.601836,78.277429,01-08-2026 23:11,Active,59,Rail
C1913,Orange,Bengaluru,Delhi,9.9,59,0.57,22.654699,75.22931,01-08-2026 23:12,Active,98,Truck
C1914,Orange,Hyderabad,Ahmedabad,11.5,78,0.79,26.976667,87.514702,01-08-2026 23:13,Active,87,Rail
C1915,Apple,Pune,Lucknow,10.3,92,0.2,26.142491,88.375796,01-08-2026 23:14,Low Battery,47,Truck
C1916,Mango,Pune,Kolkata,11.9,71,1.18,23.407337,77.751548,01-08-2026 23:15,Active,85,Truck
C1917,Banana,Chennai,Jaipur,14,70,0.44,8.707405,85.416586,01-08-2026 23:16,Active,80,Rail
C1918,Orange,Bengaluru,Delhi,7.9,64,0.46,20.344061,87.704341,01-08-2026 23:17,Active,93,Truck
C1919,Avocado,Bengaluru,Ahmedabad,10.4,79,0.66,20.016289,86.866428,01-08-2026 23:18,Active,73,Truck
C1920,Banana,Hyderabad,Ahmedabad,5.3,74,0.8,18.930627,86.62974,01-08-2026 23:19,Active,77,Truck
C1921,Avocado,Pune,Kolkata,10.3,77,1.24,13.514937,75.457172,01-08-2026 23:20,Active,87,Truck
C1922,Mango,Hyderabad,Ahmedabad,12.6,55,0.24,23.861745,78.894353,01-08-2026 23:21,Active,66,Truck
C1923,Mango,Mumbai,Jaipur,6.9,63,0.38,11.730679,87.649975,01-08-2026 23:22,Active,68,Truck
C1924,Mango,Pune,Ahmedabad,2.8,66,1.23,11.933639,88.218628,01-08-2026 23:23,Active,95,Truck
C1925,Mango,Bengaluru,Ahmedabad,3,60,0.63,13.673625,77.645507,01-08-2026 23:24,Active,77,Rail
C1926,Avocado,Chennai,Jaipur,2.1,72,1.15,8.148146,81.61035,01-08-2026 23:25,Low Battery,42,Truck
C1927,Banana,Hyderabad,Kolkata,9.8,72,1.4,17.701252,77.560994,01-08-2026 23:26,Active,67,Rail
C1928,Apple,Hyderabad,Delhi,12.6,78,1.03,15.757932,72.944485,01-08-2026 23:27,Active,62,Truck
C1929,Banana,Chennai,Lucknow,13.3,80,1.12,26.203396,74.29124,01-08-2026 23:28,Active,78,Rail
C1930,Mango,Bengaluru,Delhi,6.8,94,1.06,25.831988,80.496081,01-08-2026 23:29,Active,82,Rail
C1931,Avocado,Mumbai,Ahmedabad,10.2,57,1.46,23.084167,83.185835,01-08-2026 23:30,Active,54,Rail
C1932,Orange,Chennai,Ahmedabad,12.3,77,0.7,27.095411,87.358934,01-08-2026 23:31,Active,82,Rail
C1933,Orange,Mumbai,Delhi,4.5,64,1.32,25.962797,84.950222,01-08-2026 23:32,Active,85,Truck
C1934,Banana,Bengaluru,Ahmedabad,12.4,74,1.27,28.424247,88.289124,01-08-2026 23:33,Active,69,Truck
C1935,Banana,Chennai,Delhi,10.6,70,0.44,11.493877,87.579463,01-08-2026 23:34,Active,84,Rail
C1936,Avocado,Pune,Delhi,4.1,75,1.36,23.709331,75.636205,01-08-2026 23:35,Active,56,Truck
C1937,Orange,Mumbai,Lucknow,10.2,86,0.23,22.181583,86.38702,01-08-2026 23:36,Active,99,Truck
C1938,Apple,Bengaluru,Jaipur,6.9,79,1.02,24.094179,87.943092,01-08-2026 23:37,Active,67,Rail
C1939,Avocado,Chennai,Lucknow,5.8,62,0.22,23.181915,87.463976,01-08-2026 23:38,Active,87,Rail
C1940,Mango,Bengaluru,Ahmedabad,13.1,79,0.91,8.034409,73.021101,01-08-2026 23:39,Active,74,Rail
C1941,Apple,Chennai,Lucknow,12,63,0.83,20.333162,75.665336,01-08-2026 23:40,Active,65,Rail
C1942,Apple,Hyderabad,Jaipur,3.9,73,1.27,18.24657,79.520445,01-08-2026 23:41,Active,78,Truck
C1943,Orange,Mumbai,Ahmedabad,6.2,87,1.49,10.531012,88.448002,01-08-2026 23:42,Active,85,Truck
C1944,Banana,Bengaluru,Jaipur,5.8,79,0.18,24.609309,74.519587,01-08-2026 23:43,Active,85,Truck
C1945,Mango,Chennai,Lucknow,13.1,80,0.52,24.707749,87.05421,01-08-2026 23:44,Low Battery,50,Rail
C1946,Apple,Hyderabad,Kolkata,7.5,85,1.49,23.533141,78.452541,01-08-2026 23:45,Active,73,Truck
C1947,Orange,Hyderabad,Ahmedabad,7.1,63,0.55,24.221188,86.286615,01-08-2026 23:46,Low Battery,43,Truck
C1948,Orange,Bengaluru,Delhi,3.8,85,0.51,10.968869,75.599252,01-08-2026 23:47,Active,87,Rail
C1949,Orange,Chennai,Delhi,3.3,64,0.63,28.145361,83.210847,01-08-2026 23:48,Low Battery,50,Rail
C1950,Banana,Bengaluru,Ahmedabad,4.3,58,0.26,18.566421,77.585016,01-08-2026 23:49,Active,67,Truck
C1951,Avocado,Pune,Delhi,3.5,80,0.78,22.103674,87.750164,01-08-2026 23:50,Active,81,Rail
C1952,Banana,Mumbai,Jaipur,5.6,83,0.61,10.460008,73.36351,01-08-2026 23:51,Active,71,Truck
C1953,Orange,Bengaluru,Ahmedabad,9.4,91,0.77,22.22138,73.560128,01-08-2026 23:52,Active,77,Rail
C1954,Banana,Mumbai,Jaipur,5.9,63,0.24,9.301715,86.996529,01-08-2026 23:53,Active,90,Rail
C1955,Avocado,Mumbai,Lucknow,7.1,89,1.2,18.866797,73.054872,01-08-2026 23:54,Active,93,Truck
C1956,Mango,Pune,Kolkata,14.6,62,0.35,20.281603,74.96897,01-08-2026 23:55,Active,75,Truck
C1957,Avocado,Chennai,Delhi,3.7,68,1.01,9.800329,76.236548,01-08-2026 23:56,Active,88,Truck
C1958,Orange,Hyderabad,Delhi,5.9,89,0.34,28.030614,82.85963,01-08-2026 23:57,Active,55,Rail
C1959,Orange,Mumbai,Lucknow,7.8,91,0.79,14.415189,87.027922,01-08-2026 23:58,Active,62,Truck
C1960,Avocado,Bengaluru,Jaipur,10.6,57,0.43,11.85551,76.945202,01-08-2026 23:59,Active,93,Truck
C1961,Orange,Pune,Jaipur,6.7,63,1.12,16.651308,81.072502,02-08-2026 00:00,Active,56,Rail
C1962,Banana,Chennai,Kolkata,3.1,71,1.05,27.274086,74.363525,02-08-2026 00:01,Active,53,Truck
C1963,Apple,Pune,Ahmedabad,9.3,87,0.95,16.603573,74.532608,02-08-2026 00:02,Active,90,Truck
C1964,Orange,Hyderabad,Delhi,5.2,72,0.27,10.254798,81.048085,02-08-2026 00:03,Low Battery,44,Rail
C1965,Apple,Bengaluru,Ahmedabad,12.1,64,1.32,12.628192,72.162745,02-08-2026 00:04,Active,64,Truck
C1966,Avocado,Mumbai,Kolkata,4.3,74,0.92,24.539362,73.576419,02-08-2026 00:05,Active,62,Rail
C1967,Orange,Mumbai,Lucknow,3.3,58,0.34,27.403461,78.427795,02-08-2026 00:06,Active,62,Rail
C1968,Banana,Bengaluru,Ahmedabad,9.7,71,0.11,18.528091,74.565606,02-08-2026 00:07,Low Battery,48,Rail
C1969,Avocado,Pune,Ahmedabad,13.9,95,1.46,22.5038,76.110342,02-08-2026 00:08,Active,78,Truck
C1970,Banana,Bengaluru,Kolkata,14.8,84,0.8,13.654371,79.058124,02-08-2026 00:09,Active,100,Truck
C1971,Apple,Chennai,Jaipur,7.3,75,1.28,21.010872,73.265438,02-08-2026 00:10,Active,55,Truck
C1972,Avocado,Pune,Lucknow,11.7,90,1.4,24.571112,72.176462,02-08-2026 00:11,Active,100,Truck
C1973,Banana,Chennai,Ahmedabad,8.5,89,1.08,16.312165,82.168729,02-08-2026 00:12,Active,98,Rail
C1974,Mango,Mumbai,Jaipur,14.9,88,1.06,8.868298,79.402759,02-08-2026 00:13,Low Battery,50,Truck
C1975,Avocado,Bengaluru,Kolkata,6.8,63,0.82,27.525914,78.974917,02-08-2026 00:14,Active,64,Truck
C1976,Apple,Hyderabad,Ahmedabad,13.9,70,1.26,25.44093,86.153802,02-08-2026 00:15,Active,58,Rail
C1977,Apple,Mumbai,Delhi,4.8,95,0.9,12.457995,77.029527,02-08-2026 00:16,Active,99,Rail
C1978,Orange,Chennai,Delhi,13,58,0.6,20.61837,77.421105,02-08-2026 00:17,Active,62,Rail
C1979,Mango,Bengaluru,Ahmedabad,7.2,55,0.24,18.086945,73.398272,02-08-2026 00:18,Active,72,Truck
C1980,Banana,Bengaluru,Lucknow,2.1,71,0.42,16.104856,76.938202,02-08-2026 00:19,Active,67,Rail
C1981,Avocado,Bengaluru,Delhi,14.9,83,0.33,15.251624,79.160343,02-08-2026 00:20,Active,62,Truck
C1982,Apple,Bengaluru,Ahmedabad,2.5,80,0.69,14.789877,72.521508,02-08-2026 00:21,Active,82,Rail
C1983,Avocado,Pune,Lucknow,7.5,90,0.79,21.975598,74.102661,02-08-2026 00:22,Active,88,Rail
C1984,Mango,Bengaluru,Delhi,3.4,61,1.21,10.585533,77.677989,02-08-2026 00:23,Low Battery,40,Rail
C1985,Banana,Pune,Jaipur,14.7,55,0.71,13.934066,80.017833,02-08-2026 00:24,Active,88,Truck
C1986,Orange,Pune,Jaipur,4.4,72,1.17,25.71542,88.405241,02-08-2026 00:25,Active,55,Rail
C1987,Avocado,Bengaluru,Jaipur,11.1,87,0.96,11.867714,86.105387,02-08-2026 00:26,Active,80,Truck
C1988,Mango,Bengaluru,Delhi,7.2,72,1.49,27.046516,79.033999,02-08-2026 00:27,Active,79,Truck
C1989,Banana,Pune,Delhi,7.3,74,1.08,28.092549,75.659291,02-08-2026 00:28,Active,67,Rail
C1990,Avocado,Hyderabad,Delhi,6,72,0.61,27.331474,83.741162,02-08-2026 00:29,Active,55,Truck
C1991,Avocado,Pune,Jaipur,2,75,0.4,17.677192,86.989953,02-08-2026 00:30,Low Battery,46,Rail
C1992,Banana,Bengaluru,Kolkata,6.7,74,0.26,21.713425,83.268865,02-08-2026 00:31,Active,89,Rail
C1993,Apple,Mumbai,Ahmedabad,11.7,92,0.84,15.617642,82.729098,02-08-2026 00:32,Active,53,Truck
C1994,Avocado,Bengaluru,Jaipur,3.7,93,0.27,20.02451,87.050918,02-08-2026 00:33,Active,81,Rail
C1995,Avocado,Bengaluru,Lucknow,3,89,0.97,14.180267,79.824276,02-08-2026 00:34,Active,88,Truck
C1996,Avocado,Mumbai,Kolkata,3.7,81,0.87,13.176773,86.471743,02-08-2026 00:35,Active,94,Rail
C1997,Banana,Mumbai,Delhi,10.2,62,1.38,9.388024,78.913569,02-08-2026 00:36,Active,99,Truck
C1998,Orange,Bengaluru,Ahmedabad,5.6,63,0.51,27.59396,73.003091,02-08-2026 00:37,Active,84,Rail
C1999,Orange,Pune,Ahmedabad,13.3,59,0.33,23.38992,78.338482,02-08-2026 00:38,Active,89,Rail
C2000,Mango,Mumbai,Ahmedabad,4.4,65,0.9,20.138311,72.146212,02-08-2026 00:39,Active,99,Rail
